Instancja;Poczatkowa;Minimalna;Liczba iteracji;Chlodzenie;Typ alg;Sasiedztwo;Razem iteracji;Optimum;Czas
ftv47.atsp;1000;0.1;1000;0.99;1;1;917000;1843;lut.47
ftv47.atsp;100;0.1;1000;0.95;1;1;135000;1856;0.345876
ftv47.atsp;1000;0.1;1000;0.99;1;1;917000;1856;2.33183
ftv47.atsp;1000;0.1;1000;0.99;1;1;917000;1866;3.17455
ftv47.atsp;1000;0.001;1000;0.99;1;1;1375000;1882;3.45304
ftv47.atsp;100;0.1;1000;0.99;1;1;688000;1886;1.81866
ftv47.atsp;100;0.1;1000;0.99;1;1;688000;1889;1.73594
ftv47.atsp;1000;0.1;100;0.99;1;1;91700;1889;0.236857
ftv47.atsp;1000;0.01;1000;0.9;1;1;110000;1891;0.320712
ftv47.atsp;100;0.1;1000;0.85;1;1;43000;1899;0.115891
ftv47.atsp;1000;0.1;100;0.99;1;1;91700;1905;0.240381
ftv47.atsp;1000;0.001;1000;0.9;1;1;132000;1905;0.330547
ftv47.atsp;100;0.01;1000;0.99;1;1;917000;1907;2.416
ftv47.atsp;1000;0.01;1000;0.99;1;1;1146000;1908;2.96498
ftv47.atsp;100;0.01;1000;0.95;1;1;180000;1910;0.457621
ftv47.atsp;1000;0.001;1000;0.9;1;1;132000;1910;0.332045
ftv47.atsp;1000;0.001;1000;0.95;1;1;270000;1911;0.696075
ftv47.atsp;1000;0.01;1000;0.99;1;1;1146000;1913;3.11892
ftv47.atsp;100;0.01;1000;0.95;1;1;180000;1918;0.506539
ftv47.atsp;100;0.001;100;0.99;1;1;114600;1920;0.297845
ftv47.atsp;1000;0.1;1000;0.95;1;1;180000;1921;0.51536
ftv47.atsp;100;0.01;1000;0.85;1;1;57000;1922;0.143041
ftv47.atsp;1000;0.001;1000;0.95;1;1;270000;1923;0.710601
ftv47.atsp;100;0.1;1000;0.9;1;1;66000;1924;0.167707
ftv47.atsp;100;0.1;1000;0.99;1;1;688000;1924;1.80007
ftv47.atsp;100;0.01;1000;0.99;1;1;917000;1927;2.38667
ftv47.atsp;1000;0.01;100;0.99;1;1;114600;1936;0.296715
ftv47.atsp;1000;0.001;100;0.99;1;1;137500;1939;0.346543
ftv47.atsp;100;0.1;1000;0.95;1;1;135000;1941;0.372128
ftv47.atsp;1000;0.1;1000;0.99;1;1;917000;1941;2.43197
ftv47.atsp;100;0.001;1000;0.9;1;1;110000;1942;0.284679
ftv47.atsp;1000;0.01;1000;0.95;1;1;225000;1942;0.576284
ftv47.atsp;1000;0.1;1000;0.9;1;1;88000;1944;0.24641
ftv47.atsp;100;0.1;1000;0.95;1;1;135000;1946;0.344822
ftv47.atsp;100;0.01;100;0.99;1;1;91700;1948;0.234891
ftv47.atsp;1000;0.001;1000;0.99;1;1;1375000;1949;3.46958
ftv47.atsp;100;0.01;1000;0.99;1;1;917000;1951;2.41684
ftv47.atsp;1000;0.1;1000;0.9;1;1;88000;1951;0.251948
ftv47.atsp;1000;0.01;1000;0.9;1;1;110000;1952;0.311352
ftv47.atsp;100;0.001;1000;0.9;1;1;110000;1955;0.283101
ftv47.atsp;1000;0.01;1000;0.85;1;1;71000;1955;0.193847
ftv47.atsp;100;0.01;100;0.99;1;1;91700;1956;0.255237
ftv47.atsp;100;0.01;1000;0.95;1;1;180000;1956;0.459848
ftv47.atsp;100;0.01;1000;0.99;1;1;917000;1959;lut.28
ftv47.atsp;100;0.001;1000;0.99;1;1;1146000;1959;3.24573
ftv47.atsp;1000;0.01;1000;0.99;1;1;1146000;1960;3.21693
ftv47.atsp;100;0.01;100;0.99;1;1;91700;1961;0.236688
ftv47.atsp;100;0.001;1000;0.85;1;1;71000;1962;0.189985
ftv47.atsp;1000;0.1;1000;0.85;1;1;57000;1963;0.158234
ftv47.atsp;100;0.01;100;0.99;1;1;91700;1964;0.250197
ftv47.atsp;1000;0.001;1000;0.9;1;1;132000;1966;0.332343
ftv47.atsp;100;0.01;1000;0.9;1;1;88000;1968;0.222947
ftv47.atsp;100;0.01;1000;0.99;1;1;917000;1968;2.37082
ftv47.atsp;100;0.01;1000;0.99;1;1;917000;1968;2.38043
ftv47.atsp;100;0.001;100;0.9;1;1;11000;1969;0.0292706
ftv47.atsp;1000;0.01;100;0.99;1;1;114600;1969;0.297334
ftv47.atsp;100;0.001;1000;0.95;1;1;225000;1970;0.570165
ftv47.atsp;100;0.1;100;0.99;1;1;68800;1971;0.186644
ftv47.atsp;100;0.001;1000;0.95;1;1;225000;1971;0.571701
ftv47.atsp;100;0.01;1000;0.9;1;1;88000;1972;0.225098
ftv47.atsp;100;0.001;1000;0.95;1;1;225000;1972;0.57646
ftv47.atsp;100;0.1;1000;0.9;1;1;66000;1977;0.178005
ftv47.atsp;100;0.001;1000;0.9;1;1;110000;1978;0.283715
ftv47.atsp;100;0.001;1000;0.95;1;1;225000;1979;0.568466
ftv47.atsp;1000;0.01;1000;0.95;1;1;225000;1980;0.585226
ftv47.atsp;1000;0.001;1000;0.9;1;1;132000;1980;0.338634
ftv47.atsp;1000;0.001;1000;0.95;1;1;270000;1981;0.697676
ftv47.atsp;100;0.001;1000;0.99;1;1;1146000;1982;2.90394
ftv47.atsp;1000;0.1;1000;0.9;1;1;88000;1982;0.234161
ftv47.atsp;1000;0.01;1000;0.9;1;1;110000;1984;0.299893
ftv47.atsp;1000;0.001;1000;0.99;1;1;1375000;1984;3.48994
ftv47.atsp;100;0.001;100;0.99;1;1;114600;1986;0.295653
ftv47.atsp;100;0.001;1000;0.85;1;1;71000;1987;0.189715
ftv47.atsp;100;0.1;100;0.99;1;1;68800;1988;0.184419
ftv47.atsp;1000;0.01;1000;0.99;1;1;1146000;1989;3.09602
ftv47.atsp;1000;0.1;100;0.99;1;1;91700;1990;0.24903
ftv47.atsp;100;0.1;1000;0.95;1;1;135000;1991;0.349631
ftv47.atsp;1000;0.001;100;0.95;1;1;27000;1991;0.0681331
ftv47.atsp;1000;0.001;1000;0.99;1;1;1375000;1991;3.51064
ftv47.atsp;100;0.1;1000;0.99;1;1;688000;1992;sty.14
ftv47.atsp;100;0.001;1000;0.85;1;1;71000;1992;0.19243
ftv47.atsp;100;0.001;1000;0.95;1;1;225000;1992;0.56839
ftv47.atsp;1000;0.01;1000;0.99;1;1;1146000;1992;2.99036
ftv47.atsp;100;0.001;1000;0.85;1;1;71000;1993;0.192872
ftv47.atsp;100;0.001;1000;0.95;1;0;225000;1993;0.543311
ftv47.atsp;100;0.001;1000;0.99;1;1;1146000;1993;3.00945
ftv47.atsp;100;0.001;1000;0.95;1;0;225000;1994;0.573763
ftv47.atsp;1000;0.001;1000;0.99;1;1;1375000;1994;3.50316
ftv47.atsp;100;0.001;1000;0.99;1;1;1146000;1997;3.18231
ftv47.atsp;1000;0.01;1000;0.85;1;1;71000;1997;0.187168
ftv47.atsp;1000;0.1;1000;0.99;1;1;917000;2000;lut.88
ftv47.atsp;100;0.1;1000;0.99;1;1;688000;2001;1.75505
ftv47.atsp;100;0.1;1000;0.99;1;1;688000;2004;1.80302
ftv47.atsp;100;0.1;1000;0.95;1;1;135000;2006;0.350708
ftv47.atsp;1000;0.1;1000;0.9;1;1;88000;2007;0.267707
ftv47.atsp;1000;0.01;100;0.95;1;1;22500;2007;0.0639374
ftv47.atsp;1000;0.01;1000;0.85;1;1;71000;2008;0.178955
ftv47.atsp;1000;0.01;1000;0.9;1;1;110000;2008;0.301848
ftv47.atsp;1000;0.01;1000;0.99;1;1;1146000;2008;3.03527
ftv47.atsp;100;0.01;1000;0.9;1;1;88000;2009;0.225218
ftv47.atsp;100;0.01;1000;0.95;1;1;180000;2009;0.454114
ftv47.atsp;1000;0.001;1000;0.95;1;1;270000;2009;0.690526
ftv47.atsp;100;0.001;1000;0.99;1;1;1146000;2010;2.94742
ftv47.atsp;1000;0.1;1000;0.95;1;1;180000;2010;0.512909
ftv47.atsp;100;0.001;100;0.99;1;1;114600;2011;0.299288
ftv47.atsp;1000;0.1;1000;0.99;1;1;917000;2011;2.50392
ftv47.atsp;1000;0.01;100;0.99;1;1;114600;2011;0.290285
ftv47.atsp;1000;0.001;1000;0.95;1;1;270000;2011;0.689262
ftv47.atsp;1000;0.01;100;0.99;1;1;114600;2012;0.286601
ftv47.atsp;100;0.01;100;0.99;1;1;91700;2014;0.230761
ftv47.atsp;100;0.01;1000;0.85;1;1;57000;2014;0.141755
ftv47.atsp;100;0.01;1000;0.95;1;1;180000;2014;0.470692
ftv47.atsp;1000;0.1;1000;0.99;1;1;917000;2014;2.42915
ftv47.atsp;1000;0.001;1000;0.95;1;1;270000;2015;0.695247
ftv47.atsp;1000;0.01;100;0.99;1;0;114600;2017;0.298302
ftv47.atsp;100;0.1;100;0.99;1;1;68800;2018;0.17895
ftv47.atsp;1000;0.1;100;0.95;1;1;18000;2018;0.0476147
ftv47.atsp;1000;0.1;1000;0.95;1;1;180000;2018;0.498709
ftv47.atsp;100;0.1;1000;0.85;1;1;43000;2019;0.120986
ftv47.atsp;100;0.1;1000;0.85;1;1;43000;2020;0.113436
ftv47.atsp;100;0.01;1000;0.85;1;1;57000;2020;0.14694
ftv47.atsp;1000;0.01;100;0.95;1;1;22500;2021;0.0594571
ftv47.atsp;100;0.01;100;0.99;1;1;91700;2022;0.236826
ftv47.atsp;100;0.1;1000;0.99;1;1;688000;2023;1.76435
ftv47.atsp;1000;0.001;100;0.99;1;1;137500;2023;0.344262
ftv47.atsp;100;0.1;1000;0.95;1;1;135000;2026;0.345619
ftv47.atsp;100;0.1;1000;0.99;1;1;688000;2026;1.76634
ftv47.atsp;1000;0.1;100;0.99;1;1;91700;2026;0.238415
ftv47.atsp;100;0.1;1000;0.85;1;1;43000;2028;0.109304
ftv47.atsp;1000;0.1;1000;0.9;1;1;88000;2028;0.243434
ftv47.atsp;1000;0.01;1000;0.9;1;1;110000;2028;0.290264
ftv47.atsp;100;0.1;1000;0.9;1;1;66000;2030;0.168973
ftv47.atsp;1000;0.01;100;0.99;1;1;114600;2031;0.308679
ftv47.atsp;100;0.001;1000;0.99;1;1;1146000;2032;2.94039
ftv47.atsp;1000;0.1;1000;0.9;1;1;88000;2032;0.243168
ftv47.atsp;100;0.1;100;0.99;1;1;68800;2033;0.187382
ftv47.atsp;100;0.001;1000;0.99;1;1;1146000;2033;2.94549
ftv47.atsp;1000;0.001;1000;0.99;1;0;1375000;2034;3.45225
ftv47.atsp;1000;0.1;1000;0.99;1;0;917000;2035;2.42342
ftv47.atsp;1000;0.01;1000;0.95;1;1;225000;2035;0.599087
ftv47.atsp;1000;0.001;1000;0.99;1;0;1375000;2035;3.42536
ftv47.atsp;1000;0.01;1000;0.85;1;1;71000;2036;0.18765
ftv47.atsp;100;0.001;1000;0.9;1;1;110000;2038;0.281888
ftv47.atsp;100;0.001;1000;0.9;1;1;110000;2039;0.281811
ftv47.atsp;1000;0.001;1000;0.95;1;1;270000;2039;0.693453
ftv47.atsp;100;0.001;100;0.95;1;1;22500;2040;0.0623684
ftv47.atsp;100;0.01;1000;0.95;1;1;180000;2041;0.477679
ftv47.atsp;100;0.1;1000;0.95;1;1;135000;2042;0.345261
ftv47.atsp;100;0.001;1000;0.95;1;1;225000;2043;0.577223
ftv47.atsp;100;0.001;100;0.99;1;1;114600;2044;0.296673
ftv47.atsp;100;0.001;1000;0.85;1;1;71000;2044;0.187099
ftv47.atsp;1000;0.1;100;0.99;1;1;91700;2045;0.261935
ftv47.atsp;100;0.01;1000;0.9;1;1;88000;2046;0.220171
ftv47.atsp;100;0.01;1000;0.9;1;1;88000;2047;0.220209
ftv47.atsp;1000;0.1;1000;0.95;1;1;180000;2047;0.488154
ftv47.atsp;100;0.01;1000;0.85;1;1;57000;2048;0.145545
ftv47.atsp;1000;0.1;1000;0.85;1;1;57000;2050;0.180973
ftv47.atsp;1000;0.01;1000;0.9;1;1;110000;2050;0.287116
ftv47.atsp;1000;0.001;100;0.85;1;1;8600;2052;0.0217244
ftv47.atsp;1000;0.001;1000;0.95;1;1;270000;2053;0.694629
ftv47.atsp;1000;0.01;10;0.99;1;1;11460;2056;0.030997
ftv47.atsp;1000;0.01;1000;0.95;1;1;225000;2056;0.627807
ftv47.atsp;100;0.001;100;0.95;1;1;22500;2057;0.0589476
ftv47.atsp;100;0.1;1000;0.9;1;1;66000;2058;0.169584
ftv47.atsp;1000;0.001;1000;0.85;1;1;86000;2058;0.242727
ftv47.atsp;1000;0.01;100;0.99;1;1;114600;2059;0.301151
ftv47.atsp;1000;0.01;1000;0.99;1;0;1146000;2060;3.15465
ftv47.atsp;1000;0.001;1000;0.85;1;1;86000;2060;0.239466
ftv47.atsp;100;0.1;1000;0.85;1;1;43000;2061;0.109588
ftv47.atsp;1000;0.001;100;0.99;1;1;137500;2062;0.353576
ftv47.atsp;1000;0.001;1000;0.99;1;1;1375000;2062;3.46096
ftv47.atsp;100;0.1;1000;0.9;1;1;66000;2065;0.168304
ftv47.atsp;100;0.001;1000;0.95;1;1;225000;2065;0.577223
ftv47.atsp;1000;0.1;1000;0.85;1;1;57000;2065;0.187999
ftv47.atsp;1000;0.1;1000;0.95;1;1;180000;2065;0.495584
ftv47.atsp;1000;0.01;1000;0.95;1;1;225000;2065;0.573969
ftv47.atsp;1000;0.001;100;0.99;1;1;137500;2065;0.344975
ftv47.atsp;100;0.1;100;0.99;1;1;68800;2067;0.188209
ftv47.atsp;100;0.01;1000;0.85;1;1;57000;2067;0.146118
ftv47.atsp;100;0.001;1000;0.9;1;1;110000;2068;0.308912
ftv47.atsp;1000;0.01;1000;0.99;1;1;1146000;2068;3.04573
ftv47.atsp;100;0.001;100;0.99;1;1;114600;2070;0.298456
ftv47.atsp;100;0.01;1000;0.85;1;1;57000;2071;0.14778
ftv47.atsp;1000;0.1;1000;0.95;1;1;180000;2071;0.531608
ftv47.atsp;100;0.001;100;0.9;1;1;11000;2072;0.0285835
ftv47.atsp;100;0.1;1000;0.9;1;1;66000;2074;0.165809
ftv47.atsp;100;0.001;1000;0.99;1;0;1146000;2074;2.99147
ftv47.atsp;1000;0.001;100;0.99;1;1;137500;2074;0.350902
ftv47.atsp;100;0.001;1000;0.85;1;1;71000;2076;0.187417
ftv47.atsp;100;0.1;1000;0.85;1;1;43000;2077;0.123664
ftv47.atsp;100;0.01;100;0.95;1;1;18000;2079;0.0488359
ftv47.atsp;1000;0.01;1000;0.9;1;1;110000;2079;0.318522
ftv47.atsp;100;0.001;100;0.99;1;0;114600;2080;0.290413
ftv47.atsp;100;0.001;100;0.99;1;1;114600;2082;0.299136
ftv47.atsp;1000;0.1;100;0.99;1;1;91700;2082;0.240021
ftv47.atsp;1000;0.001;1000;0.99;1;1;1375000;2082;3.47392
ftv47.atsp;1000;0.01;1000;0.95;1;1;225000;2083;0.600185
ftv47.atsp;1000;0.1;100;0.99;1;1;91700;2084;0.241378
ftv47.atsp;1000;0.1;1000;0.9;1;1;88000;2084;0.2391
ftv47.atsp;1000;0.01;100;0.95;1;1;22500;2084;0.0603082
ftv47.atsp;100;0.1;1000;0.9;1;1;66000;2089;0.16706
ftv47.atsp;100;0.1;1000;0.99;1;0;688000;2089;1.73547
ftv47.atsp;100;0.01;100;0.99;1;1;91700;2089;0.271756
ftv47.atsp;100;0.01;1000;0.99;1;0;917000;2090;2.34008
ftv47.atsp;100;0.001;100;0.95;1;1;22500;2090;0.0578449
ftv47.atsp;1000;0.001;100;0.95;1;1;27000;2090;0.0686727
ftv47.atsp;1000;0.001;1000;0.85;1;1;86000;2090;0.227515
ftv47.atsp;1000;0.1;1000;0.85;1;1;57000;2091;0.180393
ftv47.atsp;1000;0.1;1000;0.85;1;1;57000;2091;0.204709
ftv47.atsp;1000;0.1;100;0.95;1;1;18000;2092;0.0466793
ftv47.atsp;1000;0.01;1000;0.85;1;1;71000;2092;0.182408
ftv47.atsp;100;0.01;1000;0.9;1;1;88000;2093;0.223672
ftv47.atsp;1000;0.01;1000;0.95;1;1;225000;2093;0.590844
ftv47.atsp;1000;0.01;1000;0.99;1;1;1146000;2093;3.01984
ftv47.atsp;1000;0.01;1000;0.99;1;2;1146000;2093;3.01552
ftv47.atsp;1000;0.1;1000;0.85;1;1;57000;2094;0.166001
ftv47.atsp;1000;0.01;1000;0.99;1;0;1146000;2095;2.79912
ftv47.atsp;100;0.01;1000;0.95;1;1;180000;2096;0.458801
ftv47.atsp;100;0.001;1000;0.99;1;1;1146000;2096;2.97511
ftv47.atsp;1000;0.01;1000;0.99;1;0;1146000;2096;2.95971
ftv47.atsp;1000;0.1;1000;0.99;1;0;917000;2097;2.46807
ftv47.atsp;1000;0.01;1000;0.95;1;1;225000;2097;0.573666
ftv47.atsp;1000;0.1;1000;0.9;1;1;88000;2099;0.250747
ftv47.atsp;100;0.01;1000;0.95;1;1;180000;2100;0.451994
ftv47.atsp;100;0.01;1000;0.99;1;1;917000;2100;2.33673
ftv47.atsp;100;0.1;1000;0.99;1;0;688000;2101;sty.88
ftv47.atsp;1000;0.001;100;0.95;1;1;27000;2101;0.068751
ftv47.atsp;100;0.01;1000;0.99;1;1;917000;2102;2.41194
ftv47.atsp;100;0.001;1000;0.99;1;0;1146000;2102;2.83288
ftv47.atsp;100;0.1;10;0.99;1;1;6880;2103;0.0182165
ftv47.atsp;1000;0.001;10;0.99;1;1;13750;2103;0.0356167
ftv47.atsp;1000;0.001;1000;0.85;1;1;86000;2103;0.232816
ftv47.atsp;100;0.1;1000;0.95;1;1;135000;2104;0.400528
ftv47.atsp;100;0.01;100;0.99;1;1;91700;2104;0.230739
ftv47.atsp;1000;0.001;100;0.9;1;1;13200;2104;0.0338879
ftv47.atsp;100;0.1;100;0.95;1;1;13500;2105;0.0347124
ftv47.atsp;1000;0.01;100;0.99;1;0;114600;2107;0.295288
ftv47.atsp;100;0.001;1000;0.9;1;1;110000;2109;0.281826
ftv47.atsp;1000;0.1;1000;0.95;1;0;180000;2109;0.471258
ftv47.atsp;100;0.01;1000;0.99;1;0;917000;2111;2.27905
ftv47.atsp;1000;0.001;100;0.99;1;1;137500;2111;0.360803
ftv47.atsp;1000;0.001;1000;0.85;1;1;86000;2111;0.259121
ftv47.atsp;1000;0.1;100;0.99;1;1;91700;2112;0.239493
ftv47.atsp;1000;0.001;1000;0.95;1;0;270000;2112;0.695336
ftv47.atsp;1000;0.001;1000;0.9;1;1;132000;2113;0.340165
ftv47.atsp;1000;0.01;1000;0.85;1;1;71000;2114;0.179647
ftv47.atsp;1000;0.001;1000;0.9;1;1;132000;2114;0.332544
ftv47.atsp;1000;0.01;1000;0.95;1;0;225000;2115;0.574589
ftv47.atsp;100;0.1;100;0.99;1;1;68800;2117;0.180158
ftv47.atsp;100;0.001;100;0.85;1;1;7100;2117;0.018778
ftv47.atsp;1000;0.01;1000;0.9;1;1;110000;2117;0.286414
ftv47.atsp;1000;0.01;1000;0.99;1;0;1146000;2117;3.09776
ftv47.atsp;100;0.001;100;0.99;1;0;114600;2119;0.313736
ftv47.atsp;1000;0.001;100;0.85;1;1;8600;2119;0.0228902
ftv47.atsp;100;0.01;1000;0.85;1;1;57000;2120;0.143786
ftv47.atsp;1000;0.1;1000;0.95;1;1;180000;2120;0.491567
ftv47.atsp;100;0.01;1000;0.99;1;0;917000;2121;2.32088
ftv47.atsp;100;0.001;100;0.99;1;1;114600;2121;0.299581
ftv47.atsp;1000;0.01;1000;0.99;1;0;1146000;2123;3.09636
ftv47.atsp;100;0.1;1000;0.99;1;0;688000;2124;sty.96
ftv47.atsp;100;0.01;1000;0.99;1;0;917000;2124;lut.11
ftv47.atsp;1000;0.01;100;0.99;1;1;114600;2124;0.290591
ftv47.atsp;100;0.001;100;0.95;1;1;22500;2125;0.0591826
ftv47.atsp;1000;0.001;1000;0.85;1;1;86000;2125;0.242133
ftv47.atsp;100;0.001;1000;0.99;1;0;1146000;2128;lut.88
ftv47.atsp;1000;0.001;100;0.99;1;0;137500;2128;0.336081
ftv47.atsp;100;0.001;100;0.95;1;1;22500;2129;0.0576681
ftv47.atsp;100;0.001;1000;0.85;1;0;71000;2129;0.291063
ftv47.atsp;1000;0.1;1000;0.99;1;1;917000;2129;2.36007
ftv47.atsp;100;0.001;1000;0.99;1;0;1146000;2131;lut.51
ftv47.atsp;100;0.001;10;0.99;1;1;11460;2132;0.0306229
ftv47.atsp;1000;0.001;1000;0.9;1;1;132000;2134;0.334045
ftv47.atsp;1000;0.1;1000;0.95;1;1;180000;2135;0.495455
ftv47.atsp;1000;0.1;1000;0.99;1;0;917000;2135;2.39385
ftv47.atsp;1000;0.001;100;0.99;1;0;137500;2135;0.336211
ftv47.atsp;1000;0.01;1000;0.99;1;0;1146000;2136;2.94126
ftv47.atsp;1000;0.001;10;0.99;1;1;13750;2136;0.0354823
ftv47.atsp;100;0.01;100;0.95;1;1;18000;2137;0.0453864
ftv47.atsp;100;0.001;1000;0.85;1;0;71000;2138;0.177862
ftv47.atsp;1000;0.01;1000;0.85;1;1;71000;2139;0.186304
ftv47.atsp;1000;0.01;1000;0.9;1;0;110000;2140;0.279062
ftv47.atsp;1000;0.001;1000;0.9;1;1;132000;2140;0.333302
ftv47.atsp;100;0.01;100;0.9;1;1;8800;2141;0.0228133
ftv47.atsp;1000;0.1;1000;0.95;1;0;180000;2141;0.466771
ftv47.atsp;1000;0.001;10;0.99;1;1;13750;2143;0.0353729
ftv47.atsp;100;0.001;1000;0.95;1;1;225000;2144;0.57633
ftv47.atsp;1000;0.1;1000;0.85;1;1;57000;2145;0.173251
ftv47.atsp;1000;0.01;1000;0.99;1;0;1146000;2147;3.06896
ftv47.atsp;100;0.001;1000;0.9;1;1;110000;2148;0.297852
ftv47.atsp;100;0.001;1000;0.95;1;0;225000;2148;0.556594
ftv47.atsp;100;0.1;1000;0.9;1;0;66000;2149;0.162722
ftv47.atsp;100;0.001;100;0.95;1;1;22500;2151;0.0582016
ftv47.atsp;1000;0.001;1000;0.99;1;1;1375000;2153;3.53164
ftv47.atsp;100;0.1;1000;0.99;1;0;688000;2154;1.74852
ftv47.atsp;100;0.001;1000;0.95;1;0;225000;2154;0.55907
ftv47.atsp;100;0.001;100;0.9;1;1;11000;2155;0.0294487
ftv47.atsp;100;0.01;1000;0.85;1;1;57000;2156;0.14598
ftv47.atsp;1000;0.001;100;0.99;1;1;137500;2156;0.346635
ftv47.atsp;1000;0.01;1000;0.85;1;1;71000;2157;0.187273
ftv47.atsp;1000;0.001;100;0.9;1;1;13200;2157;0.0349499
ftv47.atsp;100;0.01;1000;0.9;1;1;88000;2158;0.222436
ftv47.atsp;100;0.1;1000;0.99;1;0;688000;2159;1.72994
ftv47.atsp;100;0.01;1000;0.9;1;0;88000;2161;0.227684
ftv47.atsp;1000;0.1;1000;0.99;1;0;917000;2161;2.45209
ftv47.atsp;100;0.1;100;0.99;1;1;68800;2162;0.184916
ftv47.atsp;1000;0.01;100;0.9;1;1;11000;2162;0.0441268
ftv47.atsp;100;0.001;1000;0.85;1;0;71000;2163;0.181643
ftv47.atsp;1000;0.01;100;0.99;1;1;114600;2163;0.303144
ftv47.atsp;1000;0.001;100;0.9;1;1;13200;2163;0.033948
ftv47.atsp;1000;0.001;1000;0.99;1;0;1375000;2163;3.42319
ftv47.atsp;100;0.01;10;0.99;1;1;9170;2164;0.0231227
ftv47.atsp;1000;0.1;1000;0.9;1;0;88000;2164;0.267613
ftv47.atsp;1000;0.01;1000;0.95;1;0;225000;2164;0.561464
ftv47.atsp;100;0.1;100;0.9;1;1;6600;2166;0.0187706
ftv47.atsp;100;0.1;100;0.99;1;0;68800;2167;0.174943
ftv47.atsp;100;0.1;1000;0.9;1;0;66000;2167;0.167432
ftv47.atsp;1000;0.01;1000;0.95;1;0;225000;2167;0.576429
ftv47.atsp;1000;0.001;1000;0.99;1;0;1375000;2167;3.38152
ftv47.atsp;1000;0.01;10;0.99;1;1;11460;2168;0.0327412
ftv47.atsp;100;0.001;1000;0.85;1;1;71000;2169;0.187335
ftv47.atsp;100;0.001;100;0.9;1;1;11000;2170;0.0284217
ftv47.atsp;100;0.001;100;0.95;1;1;22500;2170;0.0592997
ftv47.atsp;1000;0.001;1000;0.9;1;0;132000;2170;0.337686
ftv47.atsp;1000;0.001;1000;0.85;1;1;86000;2171;0.248208
ftv47.atsp;1000;0.1;1000;0.85;1;0;57000;2172;0.149331
ftv47.atsp;100;0.01;1000;0.99;1;0;917000;2173;2.27162
ftv47.atsp;1000;0.1;100;0.95;1;1;18000;2173;0.0541072
ftv47.atsp;100;0.01;1000;0.99;1;0;917000;2174;2.32288
ftv47.atsp;100;0.1;100;0.95;1;1;13500;2175;0.0374858
ftv47.atsp;100;0.1;100;0.99;1;0;68800;2175;0.174815
ftv47.atsp;1000;0.001;1000;0.9;1;0;132000;2175;0.324468
ftv47.atsp;100;0.1;1000;0.9;1;1;66000;2176;0.169809
ftv47.atsp;100;0.1;10;0.99;1;1;6880;2177;0.0187286
ftv47.atsp;100;0.01;1000;0.9;1;1;88000;2177;0.219448
ftv47.atsp;1000;0.01;10;0.99;1;1;11460;2177;0.029989
ftv47.atsp;1000;0.1;1000;0.99;1;0;917000;2178;2.51727
ftv47.atsp;1000;0.001;1000;0.9;1;0;132000;2179;0.330686
ftv47.atsp;1000;0.001;1000;0.9;1;0;132000;2179;0.319592
ftv47.atsp;100;0.01;10;0.99;1;1;9170;2180;0.0229826
ftv47.atsp;1000;0.1;1000;0.99;1;0;917000;2181;2.48818
ftv47.atsp;1000;0.01;100;0.95;1;1;22500;2181;0.0637766
ftv47.atsp;1000;0.1;100;0.99;1;0;91700;2183;0.22624
ftv47.atsp;1000;0.001;100;0.95;1;1;27000;2183;0.0680128
ftv47.atsp;100;0.01;10;0.99;1;1;9170;2185;0.0237473
ftv47.atsp;100;0.01;1000;0.99;1;0;917000;2186;2.33008
ftv47.atsp;1000;0.1;100;0.9;1;1;8800;2187;0.0223672
ftv47.atsp;1000;0.1;1000;0.85;1;1;57000;2188;0.168398
ftv47.atsp;1000;0.1;1000;0.95;1;0;180000;2188;0.495067
ftv47.atsp;100;0.001;1000;0.99;1;0;1146000;2190;2.84406
ftv47.atsp;1000;0.1;10;0.99;1;1;9170;2190;0.0230873
ftv47.atsp;1000;0.01;1000;0.9;1;0;110000;2190;0.277949
ftv47.atsp;100;0.001;10;0.99;1;1;11460;2191;0.0299516
ftv47.atsp;1000;0.01;1000;0.85;1;0;71000;2191;0.173541
ftv47.atsp;100;0.01;1000;0.85;1;0;57000;2192;0.147246
ftv47.atsp;1000;0.001;100;0.99;1;1;137500;2192;0.347638
ftv47.atsp;1000;0.001;1000;0.99;1;0;1375000;2192;3.40189
ftv47.atsp;100;0.01;100;0.95;1;1;18000;2193;0.0447477
ftv47.atsp;100;0.001;100;0.85;1;1;7100;2193;0.0188763
ftv47.atsp;100;0.001;1000;0.99;1;0;1146000;2193;2.85164
ftv47.atsp;100;0.1;100;0.95;1;1;13500;2194;0.0350432
ftv47.atsp;100;0.001;100;0.99;1;0;114600;2194;0.325326
ftv47.atsp;1000;0.1;100;0.99;1;0;91700;2196;0.235506
ftv47.atsp;1000;0.001;1000;0.99;1;0;1375000;2196;3.425
ftv47.atsp;100;0.1;10;0.99;1;1;6880;2197;0.0177698
ftv47.atsp;1000;0.1;1000;0.95;1;0;180000;2197;0.46172
ftv47.atsp;1000;0.01;100;0.95;1;1;22500;2199;0.0589572
ftv47.atsp;100;0.1;1000;0.95;1;0;135000;2200;0.333528
ftv47.atsp;1000;0.1;1000;0.9;1;0;88000;2201;0.26072
ftv47.atsp;100;0.1;100;0.95;1;1;13500;2202;0.0363024
ftv47.atsp;100;0.001;1000;0.99;1;0;1146000;2207;lut.57
ftv47.atsp;1000;0.1;1000;0.95;1;0;180000;2207;0.482707
ftv47.atsp;100;0.01;1000;0.95;1;0;180000;2208;0.459328
ftv47.atsp;100;0.01;10;0.99;1;1;9170;2209;0.0244162
ftv47.atsp;1000;0.1;1000;0.85;1;0;57000;2209;0.158627
ftv47.atsp;1000;0.01;100;0.99;1;0;114600;2209;0.296445
ftv47.atsp;100;0.01;100;0.95;1;1;18000;2210;0.0480654
ftv47.atsp;100;0.001;10;0.99;1;1;11460;2210;0.0306201
ftv47.atsp;100;0.001;100;0.95;1;0;22500;2210;0.058846
ftv47.atsp;100;0.01;100;0.9;1;1;8800;2211;0.0228364
ftv47.atsp;1000;0.01;1000;0.99;1;0;1146000;2211;3.08776
ftv47.atsp;1000;0.001;1000;0.99;1;0;1375000;2211;3.38238
ftv47.atsp;100;0.001;1000;0.85;1;0;71000;2213;0.179549
ftv47.atsp;1000;0.1;1000;0.99;1;0;917000;2213;lut.27
ftv47.atsp;1000;0.001;100;0.99;1;0;137500;2213;0.335184
ftv47.atsp;100;0.001;100;0.85;1;1;7100;2214;0.0186274
ftv47.atsp;1000;0.1;1000;0.85;1;0;57000;2214;0.157145
ftv47.atsp;1000;0.001;1000;0.95;1;0;270000;2214;0.666423
ftv47.atsp;100;0.1;1000;0.95;1;0;135000;2215;0.345073
ftv47.atsp;100;0.001;10;0.99;1;1;11460;2215;0.0306263
ftv47.atsp;100;0.001;100;0.99;1;1;114600;2215;0.29638
ftv47.atsp;1000;0.001;100;0.95;1;1;27000;2215;0.0713896
ftv47.atsp;100;0.001;1000;0.85;1;1;71000;2217;0.184933
ftv47.atsp;100;0.01;10;0.99;1;1;9170;2218;0.0237149
ftv47.atsp;100;0.01;100;0.99;1;0;91700;2222;0.223293
ftv47.atsp;1000;0.1;100;0.95;1;1;18000;2223;0.0492861
ftv47.atsp;100;0.1;1000;0.95;1;0;135000;2224;0.328777
ftv47.atsp;1000;0.1;1000;0.9;1;0;88000;2224;0.248978
ftv47.atsp;100;0.1;1000;0.9;1;0;66000;2226;0.165768
ftv47.atsp;100;0.01;10;0.99;1;1;9170;2226;0.0228428
ftv47.atsp;100;0.001;100;0.85;1;1;7100;2226;0.0188338
ftv47.atsp;100;0.001;1000;0.85;1;0;71000;2226;0.185759
ftv47.atsp;1000;0.1;100;0.95;1;1;18000;2226;0.0468088
ftv47.atsp;1000;0.01;1000;0.9;1;0;110000;2226;0.275821
ftv47.atsp;100;0.01;1000;0.95;1;0;180000;2227;0.446851
ftv47.atsp;100;0.001;10;0.99;1;1;11460;2227;0.0302033
ftv47.atsp;1000;0.001;100;0.95;1;1;27000;2229;0.0693863
ftv47.atsp;1000;0.1;100;0.9;1;1;8800;2230;0.0236626
ftv47.atsp;100;0.1;1000;0.85;1;1;43000;2231;0.115965
ftv47.atsp;100;0.01;1000;0.9;1;0;88000;2231;0.215445
ftv47.atsp;100;0.01;1000;0.9;1;0;88000;2231;0.214324
ftv47.atsp;100;0.1;1000;0.9;1;0;66000;2232;0.163367
ftv47.atsp;1000;0.01;1000;0.85;1;0;71000;2233;0.177553
ftv47.atsp;1000;0.1;100;0.95;1;1;18000;2234;0.0467176
ftv47.atsp;100;0.01;100;0.9;1;1;8800;2235;0.022479
ftv47.atsp;100;0.01;1000;0.9;1;0;88000;2235;0.221046
ftv47.atsp;100;0.01;1000;0.9;1;0;88000;2235;0.23001
ftv47.atsp;100;0.001;10;0.99;1;1;11460;2235;0.0300156
ftv47.atsp;1000;0.001;1000;0.85;1;0;86000;2235;0.222094
ftv47.atsp;1000;0.1;1000;0.99;1;0;917000;2239;2.45972
ftv47.atsp;100;0.001;100;0.99;1;0;114600;2240;0.299491
ftv47.atsp;1000;0.001;100;0.99;1;0;137500;2242;0.335508
ftv47.atsp;100;0.01;1000;0.95;1;0;180000;2243;0.446172
ftv47.atsp;100;0.001;1000;0.9;1;0;110000;2243;0.287988
ftv47.atsp;1000;0.001;1000;0.85;1;1;86000;2243;0.270757
ftv47.atsp;100;0.1;1000;0.99;1;0;688000;2244;1.75824
ftv47.atsp;1000;0.001;1000;0.99;1;0;1375000;2244;3.37549
ftv47.atsp;100;0.001;100;0.99;1;0;114600;2245;0.288592
ftv47.atsp;100;0.001;1000;0.99;1;0;1146000;2246;2.92036
ftv47.atsp;1000;0.001;1000;0.95;1;0;270000;2246;0.664665
ftv47.atsp;100;0.001;1000;0.85;1;0;71000;2248;0.213961
ftv47.atsp;100;0.01;100;0.85;1;1;5700;2249;0.0144172
ftv47.atsp;1000;0.01;100;0.9;1;1;11000;2249;0.0370185
ftv47.atsp;100;0.1;1000;0.85;1;1;43000;2250;0.119389
ftv47.atsp;100;0.1;100;0.9;1;1;6600;2251;0.0178952
ftv47.atsp;100;0.1;100;0.95;1;1;13500;2251;0.0354401
ftv47.atsp;1000;0.01;10;0.99;1;1;11460;2251;0.0319
ftv47.atsp;100;0.01;100;0.95;1;1;18000;2252;0.0470495
ftv47.atsp;100;0.01;1000;0.95;1;0;180000;2252;0.446152
ftv47.atsp;100;0.01;1000;0.95;1;0;180000;2253;0.464712
ftv47.atsp;100;0.001;10;0.99;1;1;11460;2253;0.0300198
ftv47.atsp;1000;0.01;100;0.9;1;1;11000;2253;0.0302626
ftv47.atsp;1000;0.01;100;0.9;1;1;11000;2254;0.0514253
ftv47.atsp;100;0.1;1000;0.9;1;0;66000;2255;0.160791
ftv47.atsp;1000;0.001;10;0.99;1;1;13750;2255;0.0353011
ftv47.atsp;1000;0.01;1000;0.85;1;0;71000;2256;0.182961
ftv47.atsp;1000;0.001;10;0.99;1;1;13750;2256;0.0392247
ftv47.atsp;100;0.001;1000;0.9;1;0;110000;2257;0.283818
ftv47.atsp;1000;0.01;100;0.95;1;1;22500;2258;0.0619196
ftv47.atsp;1000;0.01;1000;0.9;1;0;110000;2258;0.315287
ftv47.atsp;1000;0.001;10;0.99;1;1;13750;2259;0.0363465
ftv47.atsp;100;0.001;100;0.99;1;0;114600;2260;0.293334
ftv47.atsp;100;0.01;1000;0.9;1;0;88000;2261;0.22196
ftv47.atsp;1000;0.001;100;0.95;1;1;27000;2262;0.0678476
ftv47.atsp;1000;0.001;1000;0.9;1;0;132000;2262;0.343491
ftv47.atsp;1000;0.1;100;0.99;1;0;91700;2263;0.225051
ftv47.atsp;100;0.001;100;0.85;1;1;7100;2264;0.0186091
ftv47.atsp;100;0.1;100;0.95;1;0;13500;2267;0.0336805
ftv47.atsp;1000;0.001;100;0.99;1;0;137500;2268;0.337114
ftv47.atsp;100;0.1;1000;0.85;1;0;43000;2269;0.11604
ftv47.atsp;100;0.01;1000;0.85;1;0;57000;2269;0.141472
ftv47.atsp;100;0.1;100;0.99;1;0;68800;2270;0.176905
ftv47.atsp;100;0.01;1000;0.99;1;0;917000;2270;2.30812
ftv47.atsp;100;0.001;100;0.95;1;1;22500;2270;0.0582791
ftv47.atsp;1000;0.1;1000;0.9;1;0;88000;2270;0.264265
ftv47.atsp;100;0.1;1000;0.9;1;0;66000;2274;0.164386
ftv47.atsp;100;0.001;100;0.95;1;0;22500;2275;0.0563446
ftv47.atsp;100;0.001;1000;0.9;1;0;110000;2275;0.278048
ftv47.atsp;1000;0.1;10;0.99;1;1;9170;2275;0.0241952
ftv47.atsp;1000;0.01;1000;0.9;1;0;110000;2275;0.307052
ftv47.atsp;100;0.01;100;0.9;1;1;8800;2276;0.0227172
ftv47.atsp;1000;0.001;1000;0.9;1;0;132000;2277;0.326218
ftv47.atsp;100;0.001;100;0.95;1;0;22500;2278;0.0567956
ftv47.atsp;1000;0.1;100;0.99;1;0;91700;2280;0.233025
ftv47.atsp;1000;0.01;100;0.95;1;0;22500;2280;0.0606795
ftv47.atsp;100;0.1;1000;0.9;1;0;66000;2281;0.164222
ftv47.atsp;1000;0.1;100;0.99;1;0;91700;2281;0.225052
ftv47.atsp;1000;0.001;100;0.9;1;1;13200;2282;0.034116
ftv47.atsp;100;0.1;1000;0.85;1;0;43000;2283;0.129408
ftv47.atsp;100;0.01;1000;0.85;1;0;57000;2283;0.139948
ftv47.atsp;1000;0.1;100;0.95;1;1;18000;2284;0.0486238
ftv47.atsp;1000;0.001;100;0.85;1;1;8600;2284;0.0222867
ftv47.atsp;1000;0.01;10;0.99;1;1;11460;2286;0.0316541
ftv47.atsp;1000;0.001;1000;0.85;1;0;86000;2287;0.228008
ftv47.atsp;1000;0.01;100;0.95;1;1;22500;2290;0.0590145
ftv47.atsp;100;0.1;1000;0.85;1;0;43000;2291;0.109962
ftv47.atsp;100;0.1;1000;0.95;1;0;135000;2291;0.331904
ftv47.atsp;1000;0.01;100;0.9;1;1;11000;2291;0.0375628
ftv47.atsp;1000;0.01;1000;0.85;1;0;71000;2291;0.185498
ftv47.atsp;100;0.1;1000;0.99;1;2;688000;2294;1.80102
ftv47.atsp;100;0.01;100;0.95;1;1;18000;2294;0.0460487
ftv47.atsp;100;0.001;100;0.85;1;1;7100;2294;0.0184494
ftv47.atsp;1000;0.01;100;0.85;1;1;7100;2294;0.0192405
ftv47.atsp;100;0.001;1000;0.95;1;0;225000;2297;0.558584
ftv47.atsp;100;0.01;100;0.85;1;1;5700;2298;0.0145263
ftv47.atsp;100;0.001;100;0.9;1;1;11000;2298;0.0282226
ftv47.atsp;1000;0.001;100;0.9;1;1;13200;2298;0.0330572
ftv47.atsp;1000;0.001;100;0.9;1;1;13200;2298;0.0374867
ftv47.atsp;100;0.01;100;0.85;1;1;5700;2300;0.0140105
ftv47.atsp;1000;0.01;100;0.85;1;1;7100;2300;0.0190079
ftv47.atsp;100;0.1;100;0.99;1;0;68800;2301;0.176958
ftv47.atsp;100;0.1;100;0.99;1;0;68800;2301;0.174078
ftv47.atsp;100;0.001;100;0.9;1;1;11000;2301;0.0282308
ftv47.atsp;100;0.001;1000;0.9;1;0;110000;2301;0.27731
ftv47.atsp;100;0.1;100;0.95;1;1;13500;2303;0.0348387
ftv47.atsp;100;0.1;100;0.99;1;0;68800;2303;0.174675
ftv47.atsp;1000;0.001;1000;0.95;1;0;270000;2303;0.664394
ftv47.atsp;1000;0.1;1000;0.9;1;0;88000;2304;0.245308
ftv47.atsp;1000;0.01;1000;0.95;1;0;225000;2304;0.562583
ftv47.atsp;100;0.1;100;0.95;1;1;13500;2306;0.0362909
ftv47.atsp;100;0.01;100;0.99;1;0;91700;2306;0.223834
ftv47.atsp;1000;0.1;1000;0.85;1;0;57000;2306;0.188658
ftv47.atsp;1000;0.001;100;0.85;1;1;8600;2307;0.0221111
ftv47.atsp;1000;0.01;1000;0.9;1;0;110000;2308;0.279035
ftv47.atsp;1000;0.001;100;0.85;1;1;8600;2308;0.0225221
ftv47.atsp;100;0.01;100;0.95;1;0;18000;2310;0.0446245
ftv47.atsp;1000;0.01;100;0.99;1;0;114600;2310;0.292028
ftv47.atsp;100;0.01;1000;0.9;1;0;88000;2312;0.224186
ftv47.atsp;1000;0.001;100;0.95;1;1;27000;2312;0.0692123
ftv47.atsp;100;0.01;100;0.99;1;0;91700;2313;0.316661
ftv47.atsp;1000;0.01;1000;0.95;1;0;225000;2314;0.594645
ftv47.atsp;100;0.1;1000;0.85;1;0;43000;2315;0.131926
ftv47.atsp;1000;0.1;1000;0.95;1;0;180000;2315;0.489339
ftv47.atsp;1000;0.01;1000;0.85;1;0;71000;2315;0.178173
ftv47.atsp;1000;0.001;1000;0.85;1;0;86000;2316;0.217587
ftv47.atsp;100;0.01;100;0.95;1;1;18000;2317;0.0455229
ftv47.atsp;1000;0.01;1000;0.9;1;0;110000;2317;0.284205
ftv47.atsp;100;0.01;100;0.85;1;1;5700;2318;0.014412
ftv47.atsp;1000;0.001;1000;0.95;1;0;270000;2318;0.677764
ftv47.atsp;100;0.1;1000;0.85;1;0;43000;2319;0.128796
ftv47.atsp;100;0.1;10;0.99;1;1;6880;2320;0.0181419
ftv47.atsp;1000;0.1;100;0.99;1;0;91700;2321;0.231233
ftv47.atsp;1000;0.01;1000;0.85;1;2;71000;2321;0.1751
ftv47.atsp;100;0.01;100;0.9;1;1;8800;2322;0.0225276
ftv47.atsp;100;0.001;100;0.99;1;0;114600;2322;0.287765
ftv47.atsp;1000;0.01;100;0.9;1;1;11000;2322;0.0296139
ftv47.atsp;100;0.001;100;0.95;1;0;22500;2323;0.0575867
ftv47.atsp;1000;0.001;100;0.95;1;0;27000;2323;0.0663666
ftv47.atsp;1000;0.001;1000;0.95;1;0;270000;2323;0.666542
ftv47.atsp;100;0.01;100;0.85;1;1;5700;2324;0.0149295
ftv47.atsp;100;0.01;1000;0.9;1;0;88000;2325;0.216291
ftv47.atsp;1000;0.001;100;0.99;1;0;137500;2325;0.341666
ftv47.atsp;100;0.1;1000;0.99;1;0;688000;2327;1.70789
ftv47.atsp;1000;0.01;1000;0.95;1;0;225000;2327;0.591726
ftv47.atsp;1000;0.001;1000;0.9;1;0;132000;2327;0.326906
ftv47.atsp;1000;0.1;100;0.95;1;0;18000;2328;0.047529
ftv47.atsp;1000;0.001;1000;0.95;1;0;270000;2329;0.683048
ftv47.atsp;100;0.01;1000;0.95;1;0;180000;2330;0.447099
ftv47.atsp;100;0.001;1000;0.85;1;0;71000;2330;0.180267
ftv47.atsp;100;0.01;100;0.9;1;1;8800;2331;0.0221021
ftv47.atsp;100;0.1;100;0.9;1;1;6600;2333;0.0179767
ftv47.atsp;100;0.1;1000;0.9;1;0;66000;2333;0.166268
ftv47.atsp;1000;0.1;1000;0.9;1;0;88000;2333;0.245063
ftv47.atsp;1000;0.01;100;0.99;1;0;114600;2334;0.299374
ftv47.atsp;1000;0.1;100;0.95;1;0;18000;2336;0.0448786
ftv47.atsp;1000;0.001;1000;0.85;1;0;86000;2339;0.218895
ftv47.atsp;100;0.01;100;0.85;1;1;5700;2342;0.0142368
ftv47.atsp;100;0.01;100;0.85;1;1;5700;2344;0.0144719
ftv47.atsp;100;0.001;10;0.99;1;1;11460;2344;0.030534
ftv47.atsp;100;0.001;1000;0.9;1;0;110000;2344;0.274508
ftv47.atsp;1000;0.1;100;0.9;1;1;8800;2347;0.0223483
ftv47.atsp;100;0.1;100;0.99;1;0;68800;2348;0.174225
ftv47.atsp;1000;0.01;1000;0.9;1;0;110000;2348;0.285372
ftv47.atsp;1000;0.001;100;0.95;1;0;27000;2348;0.0706082
ftv47.atsp;1000;0.001;1000;0.95;1;2;270000;2348;0.67232
ftv47.atsp;100;0.1;10;0.99;1;1;6880;2349;0.0179944
ftv47.atsp;1000;0.01;100;0.95;1;0;22500;2349;0.0709437
ftv47.atsp;100;0.1;100;0.99;1;1;68800;2350;0.188594
ftv47.atsp;100;0.001;100;0.85;1;1;7100;2351;0.0191267
ftv47.atsp;1000;0.1;1000;0.9;1;0;88000;2351;0.258029
ftv47.atsp;1000;0.001;10;0.99;1;0;13750;2352;0.0343603
ftv47.atsp;100;0.01;100;0.9;1;1;8800;2354;0.0220864
ftv47.atsp;100;0.1;100;0.95;1;0;13500;2356;0.03394
ftv47.atsp;1000;0.01;10;0.99;1;1;11460;2356;0.0298679
ftv47.atsp;100;0.1;1000;0.85;1;0;43000;2358;0.105001
ftv47.atsp;100;0.01;100;0.95;1;1;18000;2358;0.0466826
ftv47.atsp;100;0.001;1000;0.95;1;0;225000;2358;0.571338
ftv47.atsp;1000;0.1;1000;0.99;1;2;917000;2358;lut.19
ftv47.atsp;1000;0.01;10;0.99;1;0;11460;2358;0.0308597
ftv47.atsp;100;0.1;1000;0.95;1;0;135000;2359;0.340563
ftv47.atsp;100;0.01;100;0.95;1;0;18000;2361;0.0445686
ftv47.atsp;1000;0.001;100;0.95;1;0;27000;2361;0.0680479
ftv47.atsp;1000;0.01;1000;0.85;1;0;71000;2363;0.184438
ftv47.atsp;1000;0.001;1000;0.85;1;0;86000;2364;0.238336
ftv47.atsp;100;0.1;100;0.95;1;1;13500;2365;0.0361359
ftv47.atsp;100;0.1;1000;0.95;1;0;135000;2365;0.338259
ftv47.atsp;1000;0.01;1000;0.95;1;0;225000;2366;0.619261
ftv47.atsp;1000;0.01;100;0.95;1;1;22500;2367;0.0602343
ftv47.atsp;100;0.1;1000;0.95;1;0;135000;2369;0.353373
ftv47.atsp;1000;0.001;10;0.99;1;1;13750;2369;0.0361991
ftv47.atsp;100;0.01;100;0.95;1;0;18000;2370;0.0435615
ftv47.atsp;1000;0.1;10;0.99;1;1;9170;2371;0.0234944
ftv47.atsp;1000;0.001;100;0.99;1;0;137500;2372;0.337034
ftv47.atsp;100;0.01;1000;0.85;1;0;57000;2375;0.139835
ftv47.atsp;1000;0.01;100;0.85;1;1;7100;2375;0.0186779
ftv47.atsp;100;0.001;100;0.95;1;0;22500;2377;0.0560174
ftv47.atsp;1000;0.1;100;0.95;1;0;18000;2377;0.0509848
ftv47.atsp;1000;0.001;1000;0.85;1;0;86000;2377;0.218215
ftv47.atsp;1000;0.01;1000;0.85;1;0;71000;2378;0.174633
ftv47.atsp;100;0.001;1000;0.9;1;0;110000;2379;0.275584
ftv47.atsp;1000;0.1;100;0.99;1;0;91700;2380;0.227913
ftv47.atsp;100;0.1;100;0.9;1;1;6600;2383;0.0172033
ftv47.atsp;100;0.1;100;0.99;1;0;68800;2385;0.173755
ftv47.atsp;1000;0.1;1000;0.95;1;0;180000;2385;0.48032
ftv47.atsp;1000;0.1;10;0.99;1;1;9170;2386;0.0244403
ftv47.atsp;1000;0.001;1000;0.9;1;0;132000;2387;0.319107
ftv47.atsp;100;0.01;1000;0.85;1;0;57000;2388;0.137965
ftv47.atsp;1000;0.1;1000;0.85;1;0;57000;2388;0.160887
ftv47.atsp;100;0.01;100;0.85;1;1;5700;2389;0.0143971
ftv47.atsp;1000;0.001;100;0.9;1;1;13200;2390;0.0383994
ftv47.atsp;100;0.001;1000;0.95;1;0;225000;2392;0.559465
ftv47.atsp;100;0.001;1000;0.9;1;0;110000;2393;0.267571
ftv47.atsp;1000;0.1;1000;0.99;1;2;917000;2393;2.41718
ftv47.atsp;100;0.01;100;0.9;1;0;8800;2394;0.0212093
ftv47.atsp;1000;0.01;100;0.99;1;0;114600;2394;0.28605
ftv47.atsp;1000;0.01;100;0.99;1;0;114600;2395;0.291727
ftv47.atsp;1000;0.01;1000;0.95;1;2;225000;2395;0.597814
ftv47.atsp;100;0.01;100;0.99;1;0;91700;2397;0.221786
ftv47.atsp;100;0.01;100;0.99;1;0;91700;2398;0.223106
ftv47.atsp;1000;0.001;100;0.95;1;0;27000;2398;0.0930104
ftv47.atsp;1000;0.001;1000;0.95;1;0;270000;2399;0.676764
ftv47.atsp;1000;0.001;10;0.99;1;1;13750;2401;0.0367269
ftv47.atsp;100;0.1;100;0.95;1;0;13500;2402;0.0340919
ftv47.atsp;1000;0.001;100;0.9;1;1;13200;2402;0.0339882
ftv47.atsp;100;0.001;1000;0.99;1;2;1146000;2404;3.20525
ftv47.atsp;1000;0.01;100;0.9;1;1;11000;2405;0.0287646
ftv47.atsp;100;0.1;1000;0.85;1;0;43000;2407;0.106448
ftv47.atsp;1000;0.1;1000;0.9;1;0;88000;2407;0.245278
ftv47.atsp;1000;0.001;10;0.99;1;0;13750;2408;0.0338105
ftv47.atsp;1000;0.001;100;0.95;1;0;27000;2408;0.0681652
ftv47.atsp;100;0.01;10;0.99;1;0;9170;2409;0.0228617
ftv47.atsp;1000;0.001;100;0.85;1;1;8600;2410;0.0220987
ftv47.atsp;1000;0.1;1000;0.85;1;0;57000;2411;0.198949
ftv47.atsp;100;0.01;100;0.99;1;0;91700;2413;0.225512
ftv47.atsp;1000;0.01;1000;0.85;1;0;71000;2416;0.183849
ftv47.atsp;1000;0.01;1000;0.95;1;0;225000;2418;0.617748
ftv47.atsp;100;0.01;1000;0.99;1;2;917000;2420;lut.73
ftv47.atsp;1000;0.01;100;0.95;1;0;22500;2420;0.0742173
ftv47.atsp;1000;0.01;100;0.99;1;0;114600;2420;0.289728
ftv47.atsp;100;0.1;1000;0.99;1;2;688000;2421;1.86528
ftv47.atsp;100;0.01;1000;0.99;1;2;917000;2421;2.42638
ftv47.atsp;100;0.001;1000;0.95;1;2;225000;2423;0.573648
ftv47.atsp;1000;0.1;100;0.95;1;1;18000;2424;0.0494103
ftv47.atsp;1000;0.01;10;0.99;1;1;11460;2424;0.0313008
ftv47.atsp;1000;0.01;100;0.9;1;1;11000;2424;0.0350648
ftv47.atsp;1000;0.1;1000;0.85;1;0;57000;2425;0.162978
ftv47.atsp;100;0.1;1000;0.99;1;2;688000;2426;1.75737
ftv47.atsp;100;0.1;1000;0.85;1;0;43000;2428;0.109793
ftv47.atsp;100;0.1;100;0.95;1;0;13500;2429;0.0336934
ftv47.atsp;100;0.1;1000;0.99;1;0;688000;2429;1.71386
ftv47.atsp;100;0.01;1000;0.85;1;0;57000;2431;0.139029
ftv47.atsp;100;0.01;1000;0.95;1;0;180000;2432;0.443223
ftv47.atsp;100;0.1;10;0.99;1;1;6880;2433;0.0178366
ftv47.atsp;1000;0.001;1000;0.99;1;2;1375000;2433;3.46464
ftv47.atsp;1000;0.01;1000;0.99;1;2;1146000;2434;2.92399
ftv47.atsp;1000;0.1;100;0.9;1;1;8800;2435;0.0237457
ftv47.atsp;1000;0.001;100;0.99;1;0;137500;2436;0.33658
ftv47.atsp;100;0.01;10;0.99;1;0;9170;2440;0.0227877
ftv47.atsp;100;0.001;100;0.9;1;0;11000;2442;0.0274167
ftv47.atsp;1000;0.01;100;0.85;1;1;7100;2442;0.0190081
ftv47.atsp;100;0.1;100;0.95;1;0;13500;2445;0.0334249
ftv47.atsp;1000;0.1;1000;0.95;1;0;180000;2446;0.485706
ftv47.atsp;1000;0.1;100;0.99;1;2;91700;2447;0.263643
ftv47.atsp;100;0.01;10;0.99;1;1;9170;2448;0.0235166
ftv47.atsp;100;0.001;1000;0.95;1;0;225000;2451;0.564332
ftv47.atsp;100;0.001;100;0.95;1;0;22500;2455;0.0559084
ftv47.atsp;100;0.001;1000;0.9;1;0;110000;2455;0.347488
ftv47.atsp;100;0.01;100;0.99;1;0;91700;2458;0.225743
ftv47.atsp;100;0.001;1000;0.85;1;2;71000;2458;0.183035
ftv47.atsp;1000;0.001;100;0.95;1;0;27000;2458;0.0665123
ftv47.atsp;1000;0.1;1000;0.9;1;2;88000;2461;0.242423
ftv47.atsp;1000;0.001;100;0.95;1;0;27000;2462;0.066864
ftv47.atsp;100;0.001;100;0.9;1;1;11000;2465;0.0305571
ftv47.atsp;1000;0.001;1000;0.85;1;0;86000;2466;0.22066
ftv47.atsp;100;0.001;1000;0.85;1;0;71000;2468;0.178662
ftv47.atsp;1000;0.001;10;0.99;1;0;13750;2468;0.0343813
ftv47.atsp;100;0.001;10;0.99;1;0;11460;2469;0.0288881
ftv47.atsp;100;0.001;100;0.95;1;0;22500;2469;0.0560915
ftv47.atsp;100;0.01;100;0.9;1;1;8800;2470;0.0220996
ftv47.atsp;1000;0.01;100;0.85;1;1;7100;2470;0.0187967
ftv47.atsp;100;0.01;100;0.99;1;0;91700;2472;0.231912
ftv47.atsp;1000;0.1;100;0.9;1;0;8800;2472;0.0232724
ftv47.atsp;100;0.01;1000;0.85;1;0;57000;2473;0.139879
ftv47.atsp;1000;0.01;100;0.95;1;0;22500;2473;0.0822545
ftv47.atsp;100;0.1;1000;0.9;1;2;66000;2474;0.168583
ftv47.atsp;1000;0.01;1000;0.85;1;2;71000;2476;0.188245
ftv47.atsp;1000;0.001;100;0.85;1;1;8600;2476;0.0234557
ftv47.atsp;100;0.01;1000;0.85;1;0;57000;2477;0.140002
ftv47.atsp;100;0.001;100;0.99;1;0;114600;2478;0.287363
ftv47.atsp;1000;0.1;1000;0.85;1;0;57000;2478;0.149341
ftv47.atsp;1000;0.01;1000;0.85;1;2;71000;2479;0.187604
ftv47.atsp;100;0.01;100;0.95;1;0;18000;2480;0.0457162
ftv47.atsp;100;0.01;1000;0.95;1;0;180000;2481;0.453589
ftv47.atsp;1000;0.001;100;0.85;1;0;8600;2481;0.0216568
ftv47.atsp;100;0.01;1000;0.95;1;2;180000;2482;0.448274
ftv47.atsp;1000;0.1;100;0.9;1;1;8800;2482;0.0237059
ftv47.atsp;100;0.01;10;0.99;1;1;9170;2486;0.0267995
ftv47.atsp;1000;0.1;100;0.9;1;1;8800;2487;0.0221516
ftv47.atsp;100;0.1;1000;0.99;1;2;688000;2488;1.80132
ftv47.atsp;1000;0.1;10;0.99;1;0;9170;2489;0.0235115
ftv47.atsp;1000;0.1;100;0.99;1;0;91700;2489;0.227116
ftv47.atsp;1000;0.01;1000;0.9;1;2;110000;2491;0.283289
ftv47.atsp;1000;0.01;1000;0.99;1;2;1146000;2492;3.23106
ftv47.atsp;100;0.001;100;0.9;1;0;11000;2493;0.0274952
ftv47.atsp;1000;0.1;100;0.9;1;1;8800;2494;0.0235498
ftv47.atsp;1000;0.1;10;0.99;1;1;9170;2495;0.0224911
ftv47.atsp;1000;0.001;10;0.99;1;0;13750;2496;0.0338725
ftv47.atsp;100;0.1;1000;0.95;1;0;135000;2500;0.330652
ftv47.atsp;100;0.01;100;0.9;1;0;8800;2500;0.0212419
ftv47.atsp;1000;0.01;100;0.9;1;0;11000;2500;0.0312195
ftv47.atsp;100;0.01;100;0.95;1;0;18000;2501;0.043429
ftv47.atsp;100;0.001;100;0.9;1;0;11000;2501;0.0275452
ftv47.atsp;100;0.001;1000;0.99;1;2;1146000;2503;3.24234
ftv47.atsp;100;0.1;100;0.9;1;1;6600;2504;0.0172622
ftv47.atsp;1000;0.01;1000;0.99;1;2;1146000;2504;3.01782
ftv47.atsp;1000;0.1;10;0.99;1;1;9170;2505;0.0251468
ftv47.atsp;100;0.001;100;0.85;1;0;7100;2506;0.0197591
ftv47.atsp;1000;0.001;1000;0.85;1;0;86000;2506;0.231855
ftv47.atsp;100;0.01;1000;0.9;1;2;88000;2508;0.225966
ftv47.atsp;100;0.01;100;0.9;1;0;8800;2511;0.0218922
ftv47.atsp;1000;0.1;1000;0.99;1;2;917000;2511;2.36403
ftv47.atsp;100;0.001;10;0.99;1;0;11460;2512;0.0285705
ftv47.atsp;1000;0.01;100;0.95;1;0;22500;2512;0.0585229
ftv47.atsp;100;0.001;100;0.99;1;2;114600;2513;0.29222
ftv47.atsp;100;0.01;1000;0.9;1;2;88000;2514;0.230663
ftv47.atsp;100;0.1;100;0.99;1;2;68800;2515;0.175044
ftv47.atsp;1000;0.01;100;0.85;1;0;7100;2516;0.0269327
ftv47.atsp;1000;0.01;1000;0.99;1;2;1146000;2516;3.04405
ftv47.atsp;100;0.001;100;0.9;1;0;11000;2517;0.0275951
ftv47.atsp;100;0.01;100;0.99;1;2;91700;2520;0.23132
ftv47.atsp;1000;0.01;1000;0.99;1;2;1146000;2521;3.01196
ftv47.atsp;1000;0.001;1000;0.9;1;2;132000;2521;0.331539
ftv47.atsp;1000;0.1;100;0.85;1;1;5700;2527;0.0148287
ftv47.atsp;1000;0.1;100;0.95;1;0;18000;2529;0.0470618
ftv47.atsp;100;0.01;100;0.95;1;0;18000;2531;0.0443218
ftv47.atsp;100;0.001;100;0.85;1;1;7100;2532;0.0186626
ftv47.atsp;1000;0.01;1000;0.99;1;2;1146000;2532;3.06361
ftv47.atsp;1000;0.001;1000;0.99;1;2;1375000;2533;3.43256
ftv47.atsp;1000;0.01;1000;0.85;1;2;71000;2534;0.193332
ftv47.atsp;1000;0.01;100;0.85;1;1;7100;2537;0.0186726
ftv47.atsp;100;0.001;1000;0.99;1;2;1146000;2538;2.98882
ftv47.atsp;100;0.1;10;0.99;1;0;6880;2539;0.0175214
ftv47.atsp;1000;0.01;10;0.99;1;0;11460;2540;0.0298853
ftv47.atsp;100;0.1;100;0.85;1;1;4300;2543;0.0118795
ftv47.atsp;1000;0.01;100;0.9;1;0;11000;2543;0.0371267
ftv47.atsp;1000;0.001;100;0.85;1;0;8600;2545;0.0212009
ftv47.atsp;100;0.1;1000;0.99;1;2;688000;2546;1.94993
ftv47.atsp;100;0.001;1000;0.99;1;2;1146000;2546;2.96945
ftv47.atsp;100;0.001;1000;0.99;1;2;1146000;2547;3.63205
ftv47.atsp;100;0.1;100;0.95;1;0;13500;2549;0.0348633
ftv47.atsp;100;0.1;100;0.9;1;1;6600;2550;0.0170261
ftv47.atsp;100;0.01;100;0.95;1;0;18000;2551;0.043776
ftv47.atsp;100;0.001;100;0.9;1;0;11000;2552;0.0273679
ftv47.atsp;100;0.01;100;0.9;1;0;8800;2553;0.0214481
ftv47.atsp;1000;0.001;1000;0.99;1;2;1375000;2554;3.46741
ftv47.atsp;1000;0.001;1000;0.9;1;2;132000;2555;0.34395
ftv47.atsp;1000;0.01;100;0.99;1;2;114600;2556;0.332009
ftv47.atsp;100;0.1;100;0.9;1;0;6600;2557;0.0168003
ftv47.atsp;100;0.1;100;0.95;1;0;13500;2557;0.0342641
ftv47.atsp;1000;0.01;1000;0.95;1;2;225000;2557;0.596238
ftv47.atsp;100;0.1;100;0.9;1;1;6600;2559;0.0174015
ftv47.atsp;100;0.01;1000;0.99;1;2;917000;2559;2.43333
ftv47.atsp;1000;0.1;100;0.99;1;2;91700;2560;0.241843
ftv47.atsp;1000;0.001;100;0.85;1;0;8600;2561;0.024094
ftv47.atsp;1000;0.001;100;0.9;1;0;13200;2562;0.0323727
ftv47.atsp;1000;0.1;100;0.9;1;0;8800;2563;0.0231857
ftv47.atsp;100;0.1;1000;0.95;1;2;135000;2564;0.342494
ftv47.atsp;100;0.01;1000;0.95;1;2;180000;2564;0.457164
ftv47.atsp;1000;0.1;1000;0.95;1;2;180000;2567;0.497995
ftv47.atsp;1000;0.1;100;0.9;1;0;8800;2568;0.021976
ftv47.atsp;1000;0.01;10;0.99;1;0;11460;2568;0.0301793
ftv47.atsp;1000;0.01;10;0.99;1;1;11460;2568;0.044401
ftv47.atsp;1000;0.01;100;0.95;1;0;22500;2570;0.0613951
ftv47.atsp;1000;0.001;10;0.99;1;0;13750;2571;0.0351816
ftv47.atsp;1000;0.01;100;0.95;1;0;22500;2572;0.0699384
ftv47.atsp;1000;0.001;100;0.9;1;0;13200;2573;0.0324333
ftv47.atsp;100;0.01;100;0.9;1;0;8800;2575;0.0218239
ftv47.atsp;100;0.001;100;0.99;1;2;114600;2576;0.299452
ftv47.atsp;100;0.01;10;0.99;1;0;9170;2578;0.0227103
ftv47.atsp;100;0.01;1000;0.99;1;2;917000;2580;2.34953
ftv47.atsp;1000;0.01;100;0.9;1;0;11000;2581;0.0288779
ftv47.atsp;1000;0.001;10;0.95;1;1;2700;2581;0.0068052
ftv47.atsp;100;0.01;10;0.99;1;0;9170;2582;0.0229054
ftv47.atsp;100;0.1;100;0.99;1;2;68800;2583;0.17785
ftv47.atsp;1000;0.001;100;0.95;1;0;27000;2583;0.0684999
ftv47.atsp;100;0.001;100;0.99;1;2;114600;2584;0.297931
ftv47.atsp;100;0.001;100;0.85;1;0;7100;2585;0.018167
ftv47.atsp;100;0.01;1000;0.99;1;2;917000;2587;2.36171
ftv47.atsp;1000;0.001;1000;0.95;1;2;270000;2587;0.672523
ftv47.atsp;1000;0.001;1000;0.99;1;2;1375000;2587;3.48293
ftv47.atsp;100;0.01;1000;0.9;1;2;88000;2588;0.219533
ftv47.atsp;1000;0.1;1000;0.99;1;2;917000;2588;2.29458
ftv47.atsp;1000;0.01;10;0.99;1;0;11460;2590;0.0356799
ftv47.atsp;1000;0.001;100;0.85;1;0;8600;2594;0.0214155
ftv47.atsp;100;0.001;100;0.9;1;1;11000;2595;0.0287028
ftv47.atsp;100;0.1;10;0.99;1;1;6880;2597;0.0175355
ftv47.atsp;1000;0.01;10;0.99;1;0;11460;2597;0.0318251
ftv47.atsp;100;0.01;100;0.9;1;0;8800;2598;0.0228827
ftv47.atsp;1000;0.001;1000;0.9;1;2;132000;2598;0.333873
ftv47.atsp;1000;0.001;100;0.85;1;0;8600;2599;0.047909
ftv47.atsp;100;0.1;1000;0.9;1;2;66000;2600;0.171269
ftv47.atsp;1000;0.1;10;0.99;1;0;9170;2601;0.0226932
ftv47.atsp;1000;0.001;100;0.85;1;1;8600;2602;0.0222772
ftv47.atsp;100;0.001;100;0.95;1;0;22500;2603;0.0557694
ftv47.atsp;100;0.001;1000;0.99;1;2;1146000;2603;2.96041
ftv47.atsp;1000;0.1;10;0.99;1;0;9170;2606;0.0244911
ftv47.atsp;100;0.001;1000;0.99;1;2;1146000;2607;3.03356
ftv47.atsp;1000;0.1;100;0.85;1;1;5700;2607;0.0153879
ftv47.atsp;1000;0.001;10;0.95;1;1;2700;2607;0.006601
ftv47.atsp;100;0.1;10;0.99;1;0;6880;2608;0.0250359
ftv47.atsp;100;0.01;10;0.99;1;0;9170;2608;0.0227493
ftv47.atsp;100;0.001;1000;0.9;1;2;110000;2608;0.271824
ftv47.atsp;1000;0.1;1000;0.95;1;2;180000;2610;0.550145
ftv47.atsp;1000;0.01;10;0.99;1;0;11460;2612;0.0296952
ftv47.atsp;1000;0.01;100;0.9;1;0;11000;2615;0.0321651
ftv47.atsp;1000;0.01;100;0.99;1;2;114600;2615;0.290758
ftv47.atsp;1000;0.001;100;0.9;1;0;13200;2616;0.0336388
ftv47.atsp;1000;0.01;100;0.9;1;0;11000;2617;0.0283361
ftv47.atsp;1000;0.001;10;0.95;1;1;2700;2617;0.006975
ftv47.atsp;100;0.1;100;0.85;1;1;4300;2618;0.011546
ftv47.atsp;100;0.01;10;0.99;1;0;9170;2618;0.0224373
ftv47.atsp;100;0.01;1000;0.99;1;2;917000;2619;2.54306
ftv47.atsp;1000;0.1;100;0.85;1;1;5700;2619;0.0144764
ftv47.atsp;100;0.1;100;0.85;1;1;4300;2620;0.0114606
ftv47.atsp;100;0.1;1000;0.95;1;2;135000;2620;0.363475
ftv47.atsp;100;0.001;10;0.95;1;1;2250;2620;0.0059275
ftv47.atsp;1000;0.001;10;0.99;1;0;13750;2622;0.0352177
ftv47.atsp;1000;0.1;100;0.95;1;0;18000;2623;0.0461079
ftv47.atsp;1000;0.1;1000;0.99;1;2;917000;2623;2.38114
ftv47.atsp;1000;0.01;100;0.99;1;2;114600;2623;0.3009
ftv47.atsp;1000;0.01;1000;0.9;1;2;110000;2623;0.28834
ftv47.atsp;1000;0.01;10;0.99;1;2;11460;2624;0.0302763
ftv47.atsp;1000;0.1;100;0.85;1;1;5700;2625;0.0143861
ftv47.atsp;1000;0.1;100;0.95;1;0;18000;2625;0.0478206
ftv47.atsp;100;0.01;1000;0.99;1;2;917000;2626;2.36846
ftv47.atsp;100;0.1;10;0.99;1;0;6880;2630;0.0173832
ftv47.atsp;1000;0.1;1000;0.95;1;2;180000;2630;0.482484
ftv47.atsp;100;0.01;100;0.85;1;0;5700;2633;0.014008
ftv47.atsp;100;0.01;100;0.99;1;2;91700;2635;0.226107
ftv47.atsp;1000;0.01;100;0.85;1;0;7100;2636;0.0200884
ftv47.atsp;100;0.001;100;0.9;1;0;11000;2638;0.027692
ftv47.atsp;100;0.1;1000;0.9;1;2;66000;2639;0.169558
ftv47.atsp;1000;0.001;1000;0.99;1;2;1375000;2639;3.46945
ftv47.atsp;100;0.001;100;0.85;1;0;7100;2640;0.0200996
ftv47.atsp;100;0.001;10;0.99;1;0;11460;2641;0.0287224
ftv47.atsp;100;0.001;1000;0.95;1;2;225000;2641;0.573159
ftv47.atsp;100;0.1;1000;0.85;1;2;43000;2646;0.106981
ftv47.atsp;1000;0.1;100;0.9;1;0;8800;2647;0.0220348
ftv47.atsp;1000;0.1;1000;0.85;1;2;57000;2649;0.182334
ftv47.atsp;1000;0.1;100;0.99;1;2;91700;2650;0.262421
ftv47.atsp;1000;0.1;10;0.99;1;1;9170;2651;0.0245565
ftv47.atsp;1000;0.01;100;0.85;1;1;7100;2654;0.019365
ftv47.atsp;100;0.001;1000;0.95;1;2;225000;2655;0.562953
ftv47.atsp;1000;0.1;100;0.9;1;0;8800;2655;0.0258987
ftv47.atsp;1000;0.1;10;0.99;1;1;9170;2656;0.0233971
ftv47.atsp;1000;0.001;100;0.85;1;0;8600;2656;0.0215965
ftv47.atsp;100;0.1;100;0.85;1;1;4300;2657;0.0113418
ftv47.atsp;1000;0.1;1000;0.85;1;2;57000;2658;0.200801
ftv47.atsp;1000;0.1;100;0.85;1;0;5700;2661;0.0145761
ftv47.atsp;1000;0.001;100;0.9;1;0;13200;2661;0.0326299
ftv47.atsp;100;0.01;100;0.85;1;0;5700;2662;0.0139083
ftv47.atsp;100;0.1;1000;0.99;1;2;688000;2663;sty.53
ftv47.atsp;100;0.01;100;0.85;1;0;5700;2664;0.0140853
ftv47.atsp;100;0.01;1000;0.9;1;2;88000;2664;0.230353
ftv47.atsp;100;0.001;10;0.95;1;1;2250;2665;0.0058675
ftv47.atsp;1000;0.01;1000;0.85;1;2;71000;2666;0.185944
ftv47.atsp;1000;0.001;10;0.99;1;0;13750;2666;0.0349669
ftv47.atsp;100;0.001;1000;0.85;1;2;71000;2667;0.18887
ftv47.atsp;1000;0.1;1000;0.9;1;2;88000;2668;0.241888
ftv47.atsp;1000;0.01;100;0.85;1;1;7100;2668;0.018824
ftv47.atsp;1000;0.1;10;0.99;1;0;9170;2669;0.0236217
ftv47.atsp;1000;0.001;1000;0.95;1;2;270000;2670;0.697937
ftv47.atsp;100;0.001;1000;0.95;1;2;225000;2672;0.593325
ftv47.atsp;100;0.01;100;0.9;1;0;8800;2673;0.0225454
ftv47.atsp;100;0.01;100;0.85;1;0;5700;2674;0.0142457
ftv47.atsp;100;0.001;10;0.99;1;0;11460;2674;0.0307256
ftv47.atsp;1000;0.001;100;0.9;1;0;13200;2674;0.0318366
ftv47.atsp;100;0.001;1000;0.85;1;2;71000;2676;0.190455
ftv47.atsp;1000;0.1;100;0.95;1;0;18000;2677;0.0477723
ftv47.atsp;1000;0.01;100;0.95;1;0;22500;2677;0.0599973
ftv47.atsp;1000;0.001;1000;0.9;1;2;132000;2678;0.327203
ftv47.atsp;100;0.01;100;0.95;1;0;18000;2679;0.0440521
ftv47.atsp;100;0.1;100;0.85;1;1;4300;2680;0.0109597
ftv47.atsp;1000;0.01;100;0.9;1;0;11000;2680;0.028458
ftv47.atsp;100;0.001;100;0.9;1;2;11000;2681;0.028755
ftv47.atsp;100;0.1;10;0.99;1;1;6880;2682;0.0178378
ftv47.atsp;1000;0.01;100;0.95;1;2;22500;2682;0.0593074
ftv47.atsp;100;0.1;1000;0.95;1;2;135000;2683;0.366566
ftv47.atsp;100;0.001;100;0.85;1;0;7100;2683;0.018498
ftv47.atsp;100;0.1;10;0.99;1;0;6880;2686;0.0189544
ftv47.atsp;100;0.001;100;0.85;1;0;7100;2686;0.0179903
ftv47.atsp;1000;0.1;100;0.85;1;1;5700;2688;0.0149065
ftv47.atsp;100;0.1;100;0.85;1;1;4300;2689;0.0111969
ftv47.atsp;100;0.001;1000;0.9;1;2;110000;2693;0.284513
ftv47.atsp;1000;0.01;100;0.85;1;0;7100;2694;0.0201008
ftv47.atsp;1000;0.001;1000;0.99;1;2;1375000;2695;3.52627
ftv47.atsp;100;0.1;100;0.85;1;2;4300;2696;0.0115467
ftv47.atsp;100;0.001;100;0.85;1;0;7100;2697;0.018044
ftv47.atsp;1000;0.1;100;0.85;1;1;5700;2697;0.0154553
ftv47.atsp;1000;0.1;100;0.95;1;0;18000;2697;0.0455904
ftv47.atsp;1000;0.1;100;0.9;1;1;8800;2698;0.0231918
ftv47.atsp;1000;0.1;1000;0.99;1;2;917000;2702;2.31357
ftv47.atsp;100;0.1;100;0.9;1;1;6600;2703;0.0171389
ftv47.atsp;1000;0.1;1000;0.95;1;2;180000;2704;0.492416
ftv47.atsp;1000;0.001;1000;0.95;1;2;270000;2704;0.673874
ftv47.atsp;100;0.1;100;0.85;1;0;4300;2705;0.0111015
ftv47.atsp;100;0.01;1000;0.95;1;2;180000;2705;0.44566
ftv47.atsp;100;0.1;100;0.9;1;0;6600;2707;0.0165552
ftv47.atsp;1000;0.1;100;0.9;1;2;8800;2707;0.0221331
ftv47.atsp;1000;0.01;100;0.85;1;0;7100;2708;0.0240649
ftv47.atsp;1000;0.01;1000;0.99;1;2;1146000;2709;3.1718
ftv47.atsp;100;0.1;100;0.95;1;0;13500;2710;0.0348196
ftv47.atsp;1000;0.1;100;0.85;1;1;5700;2711;0.014846
ftv47.atsp;1000;0.1;1000;0.9;1;2;88000;2711;0.241859
ftv47.atsp;1000;0.001;100;0.9;1;0;13200;2711;0.0318638
ftv47.atsp;1000;0.001;10;0.99;1;0;13750;2713;0.0346267
ftv47.atsp;100;0.1;1000;0.9;1;2;66000;2714;0.171547
ftv47.atsp;100;0.1;10;0.99;1;0;6880;2715;0.0179431
ftv47.atsp;100;0.01;100;0.99;1;2;91700;2715;0.228126
ftv47.atsp;1000;0.01;10;0.99;1;0;11460;2717;0.0302927
ftv47.atsp;1000;0.001;100;0.85;1;0;8600;2717;0.0215437
ftv47.atsp;1000;0.1;100;0.99;1;2;91700;2718;0.269488
ftv47.atsp;100;0.001;10;0.99;1;0;11460;2719;0.0289942
ftv47.atsp;1000;0.001;100;0.9;1;0;13200;2720;0.0324228
ftv47.atsp;100;0.1;100;0.99;1;2;68800;2721;0.181832
ftv47.atsp;100;0.001;100;0.85;1;0;7100;2721;0.0182756
ftv47.atsp;100;0.001;1000;0.85;1;2;71000;2723;0.19205
ftv47.atsp;100;0.001;100;0.99;1;2;114600;2724;0.35412
ftv47.atsp;100;0.001;1000;0.9;1;2;110000;2724;0.275674
ftv47.atsp;100;0.1;1000;0.95;1;2;135000;2726;0.343194
ftv47.atsp;100;0.001;100;0.9;1;0;11000;2726;0.0281939
ftv47.atsp;100;0.001;10;0.95;1;1;2250;2727;0.0059246
ftv47.atsp;100;0.1;100;0.9;1;0;6600;2731;0.0164786
ftv47.atsp;100;0.01;10;0.95;1;1;1800;2732;0.0052736
ftv47.atsp;100;0.01;100;0.99;1;2;91700;2732;0.231531
ftv47.atsp;1000;0.1;1000;0.99;1;2;917000;2733;2.41053
ftv47.atsp;1000;0.001;10;0.95;1;1;2700;2734;0.0067616
ftv47.atsp;1000;0.001;1000;0.99;1;2;1375000;2735;mar.78
ftv47.atsp;1000;0.001;100;0.9;1;0;13200;2739;0.0319998
ftv47.atsp;1000;0.001;100;0.95;1;2;27000;2741;0.0713987
ftv47.atsp;100;0.001;100;0.99;1;2;114600;2742;0.316397
ftv47.atsp;100;0.01;10;0.99;1;0;9170;2744;0.0237348
ftv47.atsp;100;0.001;10;0.9;1;1;1100;2744;0.0028514
ftv47.atsp;100;0.001;10;0.99;1;0;11460;2744;0.0299583
ftv47.atsp;1000;0.1;100;0.9;1;0;8800;2745;0.0221669
ftv47.atsp;100;0.01;1000;0.9;1;2;88000;2747;0.222063
ftv47.atsp;100;0.01;1000;0.95;1;2;180000;2747;0.455873
ftv47.atsp;100;0.001;1000;0.9;1;2;110000;2748;0.279182
ftv47.atsp;100;0.1;100;0.9;1;0;6600;2749;0.0163623
ftv47.atsp;1000;0.1;1000;0.85;1;2;57000;2749;0.168387
ftv47.atsp;1000;0.001;100;0.99;1;2;137500;2749;0.38303
ftv47.atsp;1000;0.001;1000;0.85;1;2;86000;2750;0.239417
ftv47.atsp;1000;0.1;1000;0.9;1;2;88000;2751;0.233636
ftv47.atsp;100;0.1;100;0.85;1;0;4300;2752;0.0109831
ftv47.atsp;1000;0.001;1000;0.85;1;2;86000;2752;0.21573
ftv47.atsp;100;0.1;1000;0.85;1;2;43000;2753;0.110384
ftv47.atsp;100;0.01;100;0.99;1;2;91700;2753;0.227548
ftv47.atsp;100;0.001;10;0.95;1;1;2250;2754;0.0057197
ftv47.atsp;100;0.1;100;0.9;1;0;6600;2755;0.017008
ftv47.atsp;1000;0.01;100;0.99;1;2;114600;2755;0.306775
ftv47.atsp;1000;0.01;1000;0.95;1;2;225000;2755;0.612445
ftv47.atsp;1000;0.01;100;0.99;1;2;114600;2757;0.307699
ftv47.atsp;100;0.001;100;0.85;1;0;7100;2758;0.0188868
ftv47.atsp;100;0.001;10;0.95;1;1;2250;2759;0.0058271
ftv47.atsp;1000;0.001;10;0.95;1;1;2700;2759;0.0068092
ftv47.atsp;100;0.001;10;0.99;1;2;11460;2761;0.0296956
ftv47.atsp;1000;0.01;1000;0.95;1;2;225000;2761;0.603189
ftv47.atsp;100;0.01;1000;0.95;1;2;180000;2762;0.494519
ftv47.atsp;100;0.01;10;0.95;1;0;1800;2763;0.0047446
ftv47.atsp;1000;0.1;100;0.99;1;2;91700;2763;0.237025
ftv47.atsp;100;0.001;1000;0.95;1;2;225000;2764;0.569092
ftv47.atsp;1000;0.1;100;0.85;1;0;5700;2764;0.0146823
ftv47.atsp;1000;0.1;100;0.9;1;2;8800;2764;0.0228182
ftv47.atsp;1000;0.01;10;0.95;1;1;2250;2765;0.0071573
ftv47.atsp;1000;0.001;1000;0.85;1;2;86000;2766;0.213757
ftv47.atsp;100;0.1;10;0.99;1;2;6880;2767;0.0187476
ftv47.atsp;1000;0.01;10;0.99;1;0;11460;2773;0.0294435
ftv47.atsp;1000;0.01;100;0.9;1;0;11000;2774;0.0284338
ftv47.atsp;100;0.01;100;0.95;1;2;18000;2777;0.0445461
ftv47.atsp;100;0.1;1000;0.95;1;2;135000;2780;0.352642
ftv47.atsp;100;0.1;1000;0.85;1;2;43000;2781;0.108431
ftv47.atsp;100;0.01;100;0.99;1;2;91700;2782;0.23318
ftv47.atsp;1000;0.1;10;0.99;1;0;9170;2782;0.0229303
ftv47.atsp;1000;0.01;100;0.95;1;2;22500;2782;0.0578257
ftv47.atsp;1000;0.01;100;0.9;1;0;11000;2783;0.0292462
ftv47.atsp;1000;0.001;1000;0.99;1;2;1375000;2783;3.43877
ftv47.atsp;100;0.1;100;0.9;1;2;6600;2786;0.0167673
ftv47.atsp;100;0.001;10;0.99;1;0;11460;2787;0.0289164
ftv47.atsp;1000;0.1;10;0.99;1;0;9170;2787;0.0223431
ftv47.atsp;1000;0.1;10;0.99;1;0;9170;2787;0.0226981
ftv47.atsp;100;0.001;1000;0.95;1;2;225000;2789;0.577407
ftv47.atsp;100;0.001;1000;0.85;1;2;71000;2790;0.194766
ftv47.atsp;100;0.001;1000;0.9;1;2;110000;2792;0.277612
ftv47.atsp;1000;0.01;100;0.95;1;2;22500;2792;0.0569272
ftv47.atsp;1000;0.001;10;0.95;1;1;2700;2792;0.0067654
ftv47.atsp;100;0.01;100;0.85;1;0;5700;2794;0.0145454
ftv47.atsp;100;0.1;100;0.9;1;0;6600;2795;0.0187502
ftv47.atsp;100;0.1;1000;0.99;1;2;688000;2795;1.84975
ftv47.atsp;1000;0.001;100;0.99;1;2;137500;2795;0.363686
ftv47.atsp;100;0.01;1000;0.85;1;2;57000;2796;0.146786
ftv47.atsp;1000;0.01;100;0.95;1;2;22500;2796;0.0638236
ftv47.atsp;1000;0.001;1000;0.95;1;2;270000;2796;0.677805
ftv47.atsp;1000;0.01;100;0.95;1;2;22500;2798;0.0614956
ftv47.atsp;1000;0.001;100;0.99;1;2;137500;2798;0.375042
ftv47.atsp;1000;0.001;1000;0.95;1;2;270000;2799;0.679897
ftv47.atsp;100;0.01;100;0.99;1;2;91700;2800;0.232716
ftv47.atsp;1000;0.01;100;0.85;1;0;7100;2803;0.0192813
ftv47.atsp;100;0.01;100;0.85;1;0;5700;2807;0.0139897
ftv47.atsp;1000;0.1;1000;0.9;1;2;88000;2808;0.239924
ftv47.atsp;100;0.01;1000;0.85;1;2;57000;2814;0.143333
ftv47.atsp;1000;0.01;1000;0.9;1;2;110000;2814;0.279843
ftv47.atsp;1000;0.1;1000;0.95;1;2;180000;2815;0.503617
ftv47.atsp;100;0.001;10;0.99;1;0;11460;2817;0.0317595
ftv47.atsp;1000;0.1;100;0.9;1;0;8800;2817;0.0214019
ftv47.atsp;1000;0.01;1000;0.9;1;2;110000;2819;0.282259
ftv47.atsp;100;0.01;100;0.85;1;0;5700;2820;0.0140549
ftv47.atsp;1000;0.01;10;0.95;1;0;2250;2820;0.0056485
ftv47.atsp;100;0.001;100;0.9;1;0;11000;2821;0.0280651
ftv47.atsp;100;0.001;10;0.95;1;1;2250;2822;0.0058155
ftv47.atsp;1000;0.001;100;0.99;1;2;137500;2822;0.355933
ftv47.atsp;1000;0.1;1000;0.85;1;2;57000;2825;0.166053
ftv47.atsp;100;0.1;1000;0.9;1;2;66000;2826;0.166849
ftv47.atsp;1000;0.001;10;0.99;1;2;13750;2826;0.0357738
ftv47.atsp;100;0.01;10;0.99;1;0;9170;2828;0.0227576
ftv47.atsp;1000;0.001;10;0.95;1;1;2700;2829;0.0068433
ftv47.atsp;1000;0.01;1000;0.95;1;2;225000;2831;0.607852
ftv47.atsp;100;0.01;1000;0.85;1;2;57000;2835;0.14244
ftv47.atsp;1000;0.001;10;0.95;1;1;2700;2835;0.0067745
ftv47.atsp;1000;0.01;10;0.99;1;2;11460;2837;0.0301481
ftv47.atsp;1000;0.01;1000;0.95;1;2;225000;2837;0.603327
ftv47.atsp;100;0.01;1000;0.95;1;2;180000;2838;0.452972
ftv47.atsp;1000;0.01;100;0.85;1;0;7100;2840;0.0179232
ftv47.atsp;1000;0.001;10;0.95;1;0;2700;2840;0.0065786
ftv47.atsp;100;0.01;100;0.9;1;2;8800;2843;0.0220974
ftv47.atsp;100;0.001;100;0.99;1;2;114600;2845;0.300134
ftv47.atsp;100;0.01;1000;0.9;1;2;88000;2848;0.227994
ftv47.atsp;100;0.1;100;0.85;1;0;4300;2849;0.0106938
ftv47.atsp;100;0.01;100;0.95;1;2;18000;2849;0.0443148
ftv47.atsp;1000;0.01;100;0.99;1;2;114600;2849;0.311547
ftv47.atsp;100;0.1;1000;0.99;1;2;688000;2852;1.71996
ftv47.atsp;1000;0.01;100;0.85;1;2;7100;2852;0.018339
ftv47.atsp;1000;0.01;100;0.99;1;2;114600;2853;0.302429
ftv47.atsp;1000;0.1;100;0.85;1;0;5700;2855;0.0144357
ftv47.atsp;1000;0.001;10;0.99;1;2;13750;2855;0.0361235
ftv47.atsp;100;0.1;100;0.85;1;0;4300;2856;0.0111534
ftv47.atsp;1000;0.01;100;0.85;1;0;7100;2856;0.0183377
ftv47.atsp;1000;0.001;1000;0.9;1;2;132000;2856;0.332813
ftv47.atsp;100;0.01;100;0.9;1;2;8800;2857;0.0226698
ftv47.atsp;100;0.1;100;0.95;1;2;13500;2858;0.0344423
ftv47.atsp;1000;0.001;1000;0.9;1;2;132000;2861;0.328135
ftv47.atsp;100;0.001;100;0.85;1;2;7100;2862;0.0180992
ftv47.atsp;100;0.1;100;0.99;1;2;68800;2863;0.179841
ftv47.atsp;1000;0.1;1000;0.9;1;2;88000;2865;0.230996
ftv47.atsp;100;0.01;100;0.85;1;0;5700;2866;0.0139876
ftv47.atsp;100;0.001;10;0.95;1;1;2250;2868;0.005845
ftv47.atsp;1000;0.001;1000;0.9;1;2;132000;2868;0.331917
ftv47.atsp;1000;0.01;1000;0.9;1;2;110000;2870;0.281734
ftv47.atsp;100;0.1;1000;0.95;1;2;135000;2871;0.353436
ftv47.atsp;100;0.1;100;0.9;1;0;6600;2873;0.0175814
ftv47.atsp;100;0.1;100;0.95;1;2;13500;2873;0.0343214
ftv47.atsp;1000;0.1;100;0.85;1;0;5700;2873;0.0143364
ftv47.atsp;1000;0.1;100;0.85;1;0;5700;2874;0.0142764
ftv47.atsp;1000;0.01;100;0.9;1;2;11000;2874;0.0302684
ftv47.atsp;1000;0.01;1000;0.85;1;2;71000;2874;0.17922
ftv47.atsp;100;0.001;10;0.95;1;0;2250;2875;0.0056299
ftv47.atsp;1000;0.001;100;0.99;1;2;137500;2878;0.361614
ftv47.atsp;100;0.1;10;0.99;1;2;6880;2879;0.0175798
ftv47.atsp;100;0.001;100;0.85;1;2;7100;2880;0.0181442
ftv47.atsp;1000;0.1;100;0.99;1;2;91700;2880;0.262859
ftv47.atsp;100;0.1;1000;0.85;1;2;43000;2881;0.109313
ftv47.atsp;1000;0.001;100;0.9;1;2;13200;2884;0.0358437
ftv47.atsp;100;0.001;100;0.95;1;2;22500;2886;0.0569764
ftv47.atsp;1000;0.001;10;0.95;1;0;2700;2887;0.0067438
ftv47.atsp;100;0.1;1000;0.9;1;2;66000;2888;0.169552
ftv47.atsp;100;0.001;10;0.95;1;0;2250;2888;0.0056275
ftv47.atsp;1000;0.01;1000;0.85;1;2;71000;2889;0.189059
ftv47.atsp;100;0.1;100;0.85;1;0;4300;2890;0.0106608
ftv47.atsp;1000;0.1;100;0.85;1;1;5700;2890;0.0158965
ftv47.atsp;100;0.001;10;0.95;1;0;2250;2893;0.005647
ftv47.atsp;100;0.1;1000;0.9;1;2;66000;2894;0.171377
ftv47.atsp;100;0.1;1000;0.95;1;2;135000;2894;0.345285
ftv47.atsp;100;0.1;100;0.99;1;2;68800;2897;0.175376
ftv47.atsp;100;0.001;1000;0.9;1;2;110000;2898;0.276171
ftv47.atsp;1000;0.1;100;0.85;1;0;5700;2898;0.0144756
ftv47.atsp;1000;0.01;100;0.9;1;2;11000;2898;0.0288673
ftv47.atsp;100;0.1;1000;0.85;1;2;43000;2899;0.113452
ftv47.atsp;1000;0.1;1000;0.85;1;2;57000;2899;0.195308
ftv47.atsp;100;0.001;100;0.99;1;2;114600;2901;0.30014
ftv47.atsp;1000;0.1;100;0.85;1;0;5700;2901;0.0147132
ftv47.atsp;1000;0.01;100;0.85;1;0;7100;2901;0.0192518
ftv47.atsp;100;0.1;100;0.85;1;1;4300;2902;0.0108675
ftv47.atsp;1000;0.1;10;0.95;1;1;1800;2905;0.0047126
ftv47.atsp;1000;0.01;10;0.95;1;1;2250;2906;0.0061174
ftv47.atsp;1000;0.001;100;0.99;1;2;137500;2907;0.396362
ftv47.atsp;1000;0.1;10;0.95;1;1;1800;2908;0.0045271
ftv47.atsp;100;0.01;10;0.95;1;1;1800;2911;0.0046954
ftv47.atsp;100;0.01;10;0.95;1;1;1800;2912;0.004564
ftv47.atsp;100;0.001;1000;0.85;1;2;71000;2912;0.18924
ftv47.atsp;1000;0.1;100;0.95;1;2;18000;2912;0.0452374
ftv47.atsp;1000;0.01;1000;0.95;1;2;225000;2912;0.585941
ftv47.atsp;1000;0.001;100;0.85;1;0;8600;2913;0.0223426
ftv47.atsp;100;0.01;1000;0.85;1;2;57000;2914;0.147745
ftv47.atsp;100;0.01;1000;0.85;1;2;57000;2916;0.14518
ftv47.atsp;100;0.1;100;0.85;1;1;4300;2917;0.0114075
ftv47.atsp;100;0.1;1000;0.9;1;2;66000;2918;0.172167
ftv47.atsp;1000;0.1;1000;0.9;1;2;88000;2918;0.242797
ftv47.atsp;1000;0.1;100;0.85;1;0;5700;2920;0.0145611
ftv47.atsp;1000;0.1;100;0.95;1;2;18000;2925;0.0458914
ftv47.atsp;1000;0.001;1000;0.95;1;2;270000;2926;0.672935
ftv47.atsp;1000;0.001;100;0.85;1;2;8600;2927;0.0218541
ftv47.atsp;1000;0.1;1000;0.99;1;2;917000;2929;2.30195
ftv47.atsp;1000;0.001;100;0.99;1;2;137500;2930;0.35153
ftv47.atsp;100;0.001;100;0.95;1;2;22500;2937;0.0583271
ftv47.atsp;1000;0.1;10;0.99;1;2;9170;2937;0.0227205
ftv47.atsp;1000;0.01;10;0.95;1;0;2250;2938;0.0057465
ftv47.atsp;1000;0.001;100;0.95;1;2;27000;2938;0.0713037
ftv47.atsp;1000;0.1;100;0.9;1;0;8800;2940;0.0232156
ftv47.atsp;1000;0.001;1000;0.85;1;2;86000;2940;0.221368
ftv47.atsp;1000;0.01;10;0.95;1;1;2250;2941;0.0058283
ftv47.atsp;1000;0.01;10;0.95;1;0;2250;2943;0.0056984
ftv47.atsp;100;0.1;100;0.95;1;2;13500;2944;0.0416768
ftv47.atsp;1000;0.001;1000;0.85;1;2;86000;2945;0.219981
ftv47.atsp;100;0.01;100;0.95;1;2;18000;2947;0.0474068
ftv47.atsp;1000;0.1;10;0.95;1;1;1800;2947;0.0047907
ftv47.atsp;1000;0.1;100;0.95;1;2;18000;2948;0.0470383
ftv47.atsp;1000;0.01;10;0.95;1;1;2250;2948;0.0058208
ftv47.atsp;100;0.1;100;0.9;1;2;6600;2950;0.0169394
ftv47.atsp;1000;0.001;100;0.9;1;2;13200;2950;0.0336999
ftv47.atsp;1000;0.01;100;0.95;1;2;22500;2951;0.0570721
ftv47.atsp;1000;0.001;1000;0.9;1;2;132000;2952;0.327044
ftv47.atsp;100;0.001;1000;0.95;1;2;225000;2953;0.564674
ftv47.atsp;100;0.01;100;0.9;1;2;8800;2955;0.0218459
ftv47.atsp;100;0.001;1000;0.99;1;2;1146000;2957;3.20641
ftv47.atsp;1000;0.001;10;0.9;1;1;1320;2958;0.0033351
ftv47.atsp;1000;0.01;100;0.85;1;2;7100;2959;0.0185673
ftv47.atsp;100;0.001;100;0.95;1;2;22500;2961;0.0574107
ftv47.atsp;100;0.001;100;0.9;1;2;11000;2962;0.0284343
ftv47.atsp;1000;0.1;1000;0.85;1;2;57000;2962;0.172252
ftv47.atsp;100;0.001;100;0.95;1;2;22500;2963;0.0576541
ftv47.atsp;100;0.01;100;0.85;1;2;5700;2964;0.0142978
ftv47.atsp;100;0.1;1000;0.95;1;2;135000;2966;0.351766
ftv47.atsp;100;0.01;10;0.95;1;1;1800;2968;0.0045903
ftv47.atsp;100;0.01;100;0.95;1;2;18000;2968;0.0444804
ftv47.atsp;100;0.1;10;0.99;1;0;6880;2970;0.017377
ftv47.atsp;100;0.01;10;0.95;1;1;1800;2972;0.0044622
ftv47.atsp;1000;0.001;1000;0.95;1;2;270000;2972;0.666071
ftv47.atsp;1000;0.1;1000;0.95;1;2;180000;2975;0.52099
ftv47.atsp;1000;0.01;1000;0.95;1;2;225000;2975;0.599344
ftv47.atsp;100;0.01;10;0.95;1;1;1800;2978;0.0044201
ftv47.atsp;100;0.001;100;0.9;1;2;11000;2978;0.0285851
ftv47.atsp;100;0.001;10;0.99;1;2;11460;2979;0.0293675
ftv47.atsp;100;0.01;100;0.85;1;2;5700;2980;0.0144798
ftv47.atsp;100;0.01;100;0.9;1;0;8800;2980;0.0249313
ftv47.atsp;100;0.01;1000;0.9;1;2;88000;2980;0.218859
ftv47.atsp;100;0.001;1000;0.9;1;2;110000;2980;0.274409
ftv47.atsp;1000;0.1;10;0.95;1;1;1800;2980;0.0051329
ftv47.atsp;1000;0.01;100;0.99;1;2;114600;2980;0.360481
ftv47.atsp;1000;0.001;10;0.95;1;0;2700;2980;0.0066871
ftv47.atsp;100;0.01;100;0.99;1;2;91700;2981;0.229833
ftv47.atsp;1000;0.01;10;0.99;1;2;11460;2981;0.0320428
ftv47.atsp;1000;0.1;1000;0.9;1;2;88000;2986;0.234623
ftv47.atsp;100;0.001;100;0.85;1;2;7100;2990;0.018405
ftv47.atsp;100;0.1;10;0.99;1;0;6880;2991;0.0176697
ftv47.atsp;100;0.001;1000;0.9;1;2;110000;2993;0.282649
ftv47.atsp;1000;0.01;10;0.99;1;2;11460;2993;0.0294138
ftv47.atsp;100;0.001;10;0.95;1;1;2250;2994;0.0058055
ftv47.atsp;1000;0.01;100;0.85;1;2;7100;2994;0.0218618
ftv47.atsp;100;0.1;100;0.99;1;2;68800;2995;0.174104
ftv47.atsp;100;0.001;100;0.95;1;2;22500;2998;0.0574388
ftv47.atsp;1000;0.1;10;0.99;1;2;9170;3000;0.0237061
ftv47.atsp;100;0.01;10;0.99;1;2;9170;3003;0.0229186
ftv47.atsp;1000;0.001;10;0.9;1;1;1320;3005;0.0033383
ftv47.atsp;100;0.1;1000;0.85;1;2;43000;3006;0.107546
ftv47.atsp;1000;0.1;100;0.99;1;2;91700;3008;0.254898
ftv47.atsp;100;0.1;100;0.9;1;0;6600;3010;0.0168838
ftv47.atsp;1000;0.001;100;0.95;1;2;27000;3010;0.067166
ftv47.atsp;100;0.01;1000;0.95;1;2;180000;3014;0.445125
ftv47.atsp;1000;0.1;100;0.9;1;2;8800;3014;0.0237451
ftv47.atsp;1000;0.01;10;0.95;1;1;2250;3014;0.0065028
ftv47.atsp;1000;0.01;1000;0.9;1;2;110000;3017;0.281622
ftv47.atsp;100;0.01;1000;0.85;1;2;57000;3019;0.148763
ftv47.atsp;100;0.01;1000;0.95;1;2;180000;3020;0.469719
ftv47.atsp;100;0.001;10;0.95;1;0;2250;3020;0.0056413
ftv47.atsp;1000;0.001;100;0.9;1;2;13200;3020;0.0345393
ftv47.atsp;100;0.001;1000;0.85;1;2;71000;3022;0.200849
ftv47.atsp;1000;0.01;10;0.9;1;1;1100;3025;0.0028274
ftv47.atsp;1000;0.1;1000;0.85;1;2;57000;3030;0.186289
ftv47.atsp;100;0.01;1000;0.85;1;2;57000;3031;0.151817
ftv47.atsp;100;0.01;10;0.95;1;0;1800;3032;0.0047438
ftv47.atsp;1000;0.1;10;0.99;1;2;9170;3036;0.0229117
ftv47.atsp;100;0.01;100;0.9;1;2;8800;3038;0.0217455
ftv47.atsp;1000;0.01;10;0.95;1;0;2250;3038;0.0057215
ftv47.atsp;100;0.001;100;0.85;1;2;7100;3041;0.0181493
ftv47.atsp;100;0.001;10;0.95;1;0;2250;3043;0.0057279
ftv47.atsp;100;0.01;100;0.9;1;2;8800;3045;0.0220184
ftv47.atsp;1000;0.1;1000;0.95;1;2;180000;3045;0.529085
ftv47.atsp;1000;0.1;100;0.95;1;2;18000;3047;0.0484102
ftv47.atsp;100;0.1;100;0.95;1;2;13500;3049;0.0341982
ftv47.atsp;1000;0.01;10;0.99;1;2;11460;3051;0.0435311
ftv47.atsp;100;0.001;10;0.9;1;1;1100;3052;0.0028531
ftv47.atsp;1000;0.01;100;0.95;1;2;22500;3052;0.0585402
ftv47.atsp;100;0.001;1000;0.85;1;2;71000;3054;0.184148
ftv47.atsp;100;0.01;100;0.9;1;2;8800;3056;0.0216389
ftv47.atsp;100;0.01;100;0.85;1;2;5700;3057;0.0154361
ftv47.atsp;1000;0.1;100;0.85;1;2;5700;3058;0.0147108
ftv47.atsp;1000;0.01;10;0.9;1;1;1100;3060;0.0028532
ftv47.atsp;100;0.1;100;0.95;1;2;13500;3061;0.03458
ftv47.atsp;1000;0.001;10;0.95;1;0;2700;3064;0.0066474
ftv47.atsp;100;0.001;10;0.9;1;0;1100;3066;0.0027554
ftv47.atsp;100;0.001;100;0.95;1;2;22500;3066;0.0586202
ftv47.atsp;1000;0.001;10;0.99;1;2;13750;3066;0.0347499
ftv47.atsp;100;0.01;10;0.95;1;1;1800;3069;0.0046869
ftv47.atsp;1000;0.01;10;0.95;1;1;2250;3073;0.0059734
ftv47.atsp;1000;0.01;10;0.99;1;2;11460;3073;0.0302456
ftv47.atsp;1000;0.001;10;0.99;1;2;13750;3075;0.0352241
ftv47.atsp;1000;0.001;1000;0.85;1;2;86000;3075;0.218505
ftv47.atsp;1000;0.01;100;0.9;1;2;11000;3076;0.0293632
ftv47.atsp;100;0.001;100;0.95;1;2;22500;3079;0.0583964
ftv47.atsp;1000;0.001;100;0.95;1;2;27000;3080;0.0707386
ftv47.atsp;100;0.01;10;0.95;1;1;1800;3084;0.0055127
ftv47.atsp;1000;0.1;10;0.99;1;2;9170;3084;0.0229855
ftv47.atsp;100;0.001;10;0.99;1;2;11460;3086;0.0294579
ftv47.atsp;100;0.1;100;0.85;1;2;4300;3087;0.0113363
ftv47.atsp;1000;0.01;10;0.95;1;0;2250;3087;0.0055024
ftv47.atsp;100;0.01;10;0.99;1;2;9170;3089;0.022838
ftv47.atsp;100;0.01;10;0.99;1;2;9170;3089;0.0229981
ftv47.atsp;100;0.1;1000;0.85;1;2;43000;3090;0.108296
ftv47.atsp;1000;0.01;100;0.85;1;2;7100;3090;0.0186799
ftv47.atsp;100;0.1;100;0.85;1;2;4300;3100;0.0140764
ftv47.atsp;100;0.01;1000;0.99;1;2;917000;3100;2.43713
ftv47.atsp;1000;0.1;10;0.99;1;2;9170;3100;0.0237242
ftv47.atsp;100;0.1;10;0.99;1;0;6880;3101;0.047596
ftv47.atsp;100;0.1;10;0.95;1;1;1350;3102;0.0035089
ftv47.atsp;100;0.01;100;0.85;1;2;5700;3102;0.0141207
ftv47.atsp;1000;0.01;1000;0.9;1;2;110000;3102;0.27811
ftv47.atsp;100;0.01;10;0.95;1;0;1800;3103;0.004389
ftv47.atsp;100;0.01;10;0.99;1;2;9170;3103;0.0230088
ftv47.atsp;100;0.001;100;0.99;1;2;114600;3105;0.305739
ftv47.atsp;1000;0.1;100;0.9;1;2;8800;3108;0.0233827
ftv47.atsp;100;0.1;10;0.95;1;0;1350;3110;0.003409
ftv47.atsp;100;0.001;10;0.9;1;1;1100;3110;0.0030588
ftv47.atsp;100;0.01;100;0.95;1;2;18000;3112;0.0447441
ftv47.atsp;1000;0.1;1000;0.95;1;2;180000;3112;0.49352
ftv47.atsp;100;0.1;10;0.95;1;1;1350;3113;0.0035089
ftv47.atsp;100;0.01;10;0.99;1;2;9170;3113;0.022612
ftv47.atsp;100;0.001;100;0.9;1;2;11000;3118;0.0280193
ftv47.atsp;1000;0.1;100;0.95;1;2;18000;3118;0.0446575
ftv47.atsp;100;0.001;10;0.95;1;2;2250;3120;0.0057449
ftv47.atsp;100;0.001;10;0.99;1;2;11460;3121;0.0300045
ftv47.atsp;1000;0.001;10;0.99;1;2;13750;3123;0.0353607
ftv47.atsp;100;0.01;100;0.95;1;2;18000;3124;0.0460648
ftv47.atsp;100;0.01;1000;0.85;1;2;57000;3125;0.149835
ftv47.atsp;1000;0.001;10;0.9;1;1;1320;3125;0.0033251
ftv47.atsp;100;0.1;100;0.85;1;0;4300;3126;0.0105776
ftv47.atsp;100;0.1;100;0.85;1;0;4300;3127;0.0105697
ftv47.atsp;1000;0.01;100;0.9;1;2;11000;3129;0.0299707
ftv47.atsp;1000;0.001;100;0.99;1;2;137500;3129;0.380517
ftv47.atsp;100;0.001;10;0.99;1;2;11460;3130;0.029911
ftv47.atsp;100;0.1;10;0.95;1;0;1350;3132;0.0032978
ftv47.atsp;100;0.001;10;0.99;1;2;11460;3132;0.0308343
ftv47.atsp;100;0.1;1000;0.85;1;2;43000;3133;0.109333
ftv47.atsp;1000;0.1;10;0.95;1;1;1800;3134;0.0044996
ftv47.atsp;1000;0.001;10;0.9;1;1;1320;3135;0.003436
ftv47.atsp;100;0.1;10;0.99;1;2;6880;3139;0.0177019
ftv47.atsp;1000;0.001;100;0.85;1;2;8600;3139;0.0221811
ftv47.atsp;1000;0.001;100;0.85;1;2;8600;3141;0.022515
ftv47.atsp;1000;0.001;10;0.95;1;0;2700;3144;0.006778
ftv47.atsp;1000;0.1;10;0.95;1;0;1800;3147;0.0043861
ftv47.atsp;1000;0.1;10;0.95;1;0;1800;3149;0.004696
ftv47.atsp;1000;0.001;10;0.95;1;0;2700;3149;0.0072575
ftv47.atsp;1000;0.01;10;0.95;1;1;2250;3152;0.0056639
ftv47.atsp;100;0.01;10;0.9;1;1;880;3153;0.0022193
ftv47.atsp;100;0.001;10;0.9;1;1;1100;3158;0.0028881
ftv47.atsp;100;0.1;10;0.99;1;2;6880;3163;0.0176053
ftv47.atsp;100;0.1;100;0.95;1;2;13500;3163;0.0342664
ftv47.atsp;100;0.001;10;0.9;1;1;1100;3163;0.0029315
ftv47.atsp;1000;0.001;10;0.99;1;2;13750;3163;0.0364884
ftv47.atsp;100;0.1;100;0.99;1;2;68800;3167;0.180193
ftv47.atsp;1000;0.1;100;0.9;1;2;8800;3168;0.0262541
ftv47.atsp;1000;0.01;10;0.95;1;0;2250;3168;0.0055033
ftv47.atsp;1000;0.01;100;0.85;1;2;7100;3168;0.0236181
ftv47.atsp;1000;0.1;10;0.99;1;0;9170;3172;0.0222292
ftv47.atsp;100;0.001;100;0.9;1;2;11000;3174;0.0281799
ftv47.atsp;1000;0.1;100;0.95;1;2;18000;3176;0.04782
ftv47.atsp;100;0.1;100;0.9;1;2;6600;3177;0.0168073
ftv47.atsp;100;0.001;10;0.95;1;0;2250;3180;0.0057709
ftv47.atsp;100;0.001;1000;0.95;1;2;225000;3186;0.590752
ftv47.atsp;100;0.1;100;0.85;1;0;4300;3189;0.0110335
ftv47.atsp;100;0.1;100;0.85;1;2;4300;3190;0.0122476
ftv47.atsp;100;0.001;10;0.9;1;1;1100;3192;0.0052364
ftv47.atsp;100;0.01;10;0.99;1;2;9170;3194;0.0237475
ftv47.atsp;1000;0.1;100;0.85;1;2;5700;3194;0.014904
ftv47.atsp;1000;0.01;10;0.95;1;0;2250;3195;0.0056228
ftv47.atsp;1000;0.01;100;0.85;1;2;7100;3195;0.0197362
ftv47.atsp;1000;0.1;100;0.99;1;2;91700;3196;0.241776
ftv47.atsp;100;0.01;10;0.95;1;0;1800;3199;0.0046608
ftv47.atsp;1000;0.1;100;0.95;1;2;18000;3199;0.0452441
ftv47.atsp;1000;0.1;10;0.95;1;1;1800;3201;0.0045714
ftv47.atsp;1000;0.1;10;0.95;1;1;1800;3202;0.0045988
ftv47.atsp;1000;0.001;10;0.99;1;2;13750;3205;0.036975
ftv47.atsp;1000;0.1;1000;0.85;1;2;57000;3206;0.204313
ftv47.atsp;100;0.001;10;0.9;1;1;1100;3207;0.0028729
ftv47.atsp;1000;0.001;10;0.95;1;0;2700;3207;0.0070281
ftv47.atsp;100;0.1;100;0.85;1;2;4300;3209;0.0112213
ftv47.atsp;100;0.01;100;0.95;1;2;18000;3209;0.0452249
ftv47.atsp;1000;0.01;100;0.9;1;2;11000;3210;0.0301592
ftv47.atsp;1000;0.001;100;0.85;1;2;8600;3210;0.0217275
ftv47.atsp;100;0.001;10;0.99;1;2;11460;3213;0.0310276
ftv47.atsp;1000;0.01;100;0.85;1;2;7100;3214;0.0288685
ftv47.atsp;1000;0.001;1000;0.85;1;2;86000;3214;0.217922
ftv47.atsp;100;0.001;10;0.9;1;0;1100;3215;0.0029448
ftv47.atsp;100;0.1;10;0.99;1;2;6880;3217;0.017622
ftv47.atsp;1000;0.001;100;0.9;1;2;13200;3217;0.0339491
ftv47.atsp;1000;0.1;10;0.95;1;1;1800;3218;0.005037
ftv47.atsp;100;0.1;10;0.95;1;1;1350;3220;0.0035527
ftv47.atsp;1000;0.1;100;0.9;1;2;8800;3221;0.0220925
ftv47.atsp;100;0.1;100;0.95;1;2;13500;3222;0.0370899
ftv47.atsp;1000;0.001;1000;0.85;1;2;86000;3222;0.214086
ftv47.atsp;1000;0.01;1000;0.9;1;2;110000;3224;0.271309
ftv47.atsp;100;0.1;10;0.95;1;0;1350;3225;0.0032849
ftv47.atsp;100;0.001;10;0.9;1;0;1100;3225;0.0027552
ftv47.atsp;1000;0.01;100;0.85;1;2;7100;3225;0.0315715
ftv47.atsp;1000;0.001;10;0.9;1;0;1320;3226;0.0032023
ftv47.atsp;100;0.01;10;0.95;1;0;1800;3227;0.0045399
ftv47.atsp;1000;0.001;10;0.95;1;2;2700;3228;0.0068668
ftv47.atsp;100;0.1;100;0.95;1;2;13500;3229;0.0343241
ftv47.atsp;100;0.01;10;0.99;1;2;9170;3231;0.0236527
ftv47.atsp;100;0.001;100;0.9;1;2;11000;3232;0.0286569
ftv47.atsp;1000;0.001;100;0.9;1;2;13200;3232;0.0368583
ftv47.atsp;1000;0.001;10;0.9;1;1;1320;3233;0.0033349
ftv47.atsp;1000;0.001;100;0.85;1;2;8600;3233;0.022272
ftv47.atsp;1000;0.001;100;0.95;1;2;27000;3235;0.0686871
ftv47.atsp;100;0.01;100;0.95;1;2;18000;3239;0.045025
ftv47.atsp;1000;0.001;10;0.9;1;0;1320;3243;0.0032995
ftv47.atsp;1000;0.1;10;0.95;1;0;1800;3246;0.0045294
ftv47.atsp;100;0.1;10;0.95;1;1;1350;3247;0.0034937
ftv47.atsp;100;0.1;10;0.99;1;2;6880;3248;0.0174723
ftv47.atsp;1000;0.1;10;0.9;1;1;880;3250;0.0022176
ftv47.atsp;1000;0.01;1000;0.85;1;2;71000;3251;0.175861
ftv47.atsp;100;0.1;10;0.95;1;0;1350;3254;0.0034041
ftv47.atsp;1000;0.001;100;0.85;1;2;8600;3257;0.0219734
ftv47.atsp;100;0.01;1000;0.9;1;2;88000;3260;0.222093
ftv47.atsp;1000;0.01;10;0.85;1;1;710;3265;0.0018204
ftv47.atsp;100;0.1;100;0.99;1;2;68800;3271;0.187073
ftv47.atsp;100;0.001;10;0.95;1;0;2250;3274;0.0057619
ftv47.atsp;1000;0.1;10;0.95;1;0;1800;3274;0.0046879
ftv47.atsp;100;0.01;10;0.99;1;2;9170;3279;0.0226031
ftv47.atsp;100;0.01;100;0.85;1;2;5700;3279;0.014666
ftv47.atsp;1000;0.01;10;0.99;1;2;11460;3279;0.0309115
ftv47.atsp;100;0.1;10;0.95;1;1;1350;3280;0.0035233
ftv47.atsp;100;0.001;10;0.95;1;0;2250;3280;0.0056552
ftv47.atsp;1000;0.1;100;0.85;1;2;5700;3280;0.0150351
ftv47.atsp;100;0.1;100;0.9;1;2;6600;3281;0.0166657
ftv47.atsp;100;0.01;10;0.9;1;1;880;3282;0.0024316
ftv47.atsp;1000;0.001;100;0.95;1;2;27000;3284;0.0681188
ftv47.atsp;1000;0.001;10;0.9;1;1;1320;3285;0.0033743
ftv47.atsp;100;0.1;100;0.9;1;2;6600;3290;0.0167458
ftv47.atsp;1000;0.01;10;0.95;1;1;2250;3290;0.0057512
ftv47.atsp;1000;0.001;100;0.9;1;2;13200;3291;0.0334558
ftv47.atsp;1000;0.01;100;0.95;1;2;22500;3292;0.0590092
ftv47.atsp;1000;0.1;100;0.9;1;2;8800;3297;0.0235102
ftv47.atsp;1000;0.01;10;0.9;1;1;1100;3297;0.0028935
ftv47.atsp;1000;0.001;10;0.95;1;0;2700;3297;0.0066122
ftv47.atsp;1000;0.001;10;0.9;1;0;1320;3298;0.0032068
ftv47.atsp;100;0.1;100;0.85;1;2;4300;3299;0.0116655
ftv47.atsp;100;0.001;10;0.99;1;2;11460;3302;0.0297094
ftv47.atsp;1000;0.001;100;0.95;1;2;27000;3303;0.067612
ftv47.atsp;1000;0.1;100;0.85;1;2;5700;3305;0.0156713
ftv47.atsp;100;0.001;100;0.9;1;2;11000;3306;0.0279959
ftv47.atsp;1000;0.001;10;0.9;1;1;1320;3308;0.0034301
ftv47.atsp;1000;0.1;100;0.95;1;2;18000;3310;0.0459286
ftv47.atsp;1000;0.001;10;0.85;1;1;860;3313;0.0021652
ftv47.atsp;1000;0.01;10;0.95;1;0;2250;3315;0.0058892
ftv47.atsp;100;0.01;10;0.9;1;1;880;3316;0.0022205
ftv47.atsp;100;0.01;10;0.9;1;1;880;3319;0.002215
ftv47.atsp;1000;0.001;10;0.99;1;2;13750;3324;0.0350322
ftv47.atsp;100;0.1;100;0.9;1;2;6600;3325;0.0175067
ftv47.atsp;100;0.01;10;0.95;1;0;1800;3325;0.0045192
ftv47.atsp;100;0.01;10;0.9;1;0;880;3336;0.002136
ftv47.atsp;1000;0.01;10;0.99;1;2;11460;3344;0.0311071
ftv47.atsp;1000;0.01;10;0.9;1;0;1100;3345;0.0027081
ftv47.atsp;100;0.01;10;0.95;1;2;1800;3349;0.0044663
ftv47.atsp;1000;0.001;10;0.9;1;0;1320;3350;0.0032923
ftv47.atsp;100;0.01;10;0.9;1;1;880;3353;0.0022144
ftv47.atsp;100;0.01;10;0.9;1;0;880;3355;0.0028007
ftv47.atsp;100;0.01;100;0.85;1;2;5700;3355;0.014189
ftv47.atsp;1000;0.1;10;0.99;1;2;9170;3358;0.0244208
ftv47.atsp;1000;0.001;100;0.95;1;2;27000;3360;0.0668891
ftv47.atsp;100;0.01;10;0.9;1;0;880;3361;0.0021778
ftv47.atsp;100;0.001;100;0.85;1;2;7100;3362;0.0181149
ftv47.atsp;100;0.001;100;0.95;1;2;22500;3362;0.0588226
ftv47.atsp;1000;0.1;10;0.99;1;2;9170;3363;0.0225801
ftv47.atsp;1000;0.1;100;0.85;1;2;5700;3363;0.0159838
ftv47.atsp;100;0.1;10;0.9;1;1;660;3369;0.0017457
ftv47.atsp;1000;0.1;10;0.99;1;2;9170;3369;0.0242155
ftv47.atsp;100;0.001;10;0.9;1;1;1100;3375;0.0030388
ftv47.atsp;100;0.1;100;0.9;1;2;6600;3376;0.0170411
ftv47.atsp;1000;0.001;10;0.85;1;0;860;3379;0.0022694
ftv47.atsp;1000;0.01;10;0.9;1;1;1100;3381;0.0027953
ftv47.atsp;1000;0.001;10;0.9;1;1;1320;3381;0.0034818
ftv47.atsp;100;0.01;10;0.95;1;0;1800;3382;0.0047234
ftv47.atsp;1000;0.001;100;0.9;1;2;13200;3382;0.0338858
ftv47.atsp;100;0.001;10;0.85;1;0;710;3383;0.0018361
ftv47.atsp;1000;0.01;10;0.95;1;2;2250;3383;0.0063499
ftv47.atsp;1000;0.001;10;0.9;1;0;1320;3387;0.0034747
ftv47.atsp;100;0.001;10;0.85;1;1;710;3388;0.0028373
ftv47.atsp;1000;0.1;10;0.95;1;2;1800;3389;0.0048603
ftv47.atsp;100;0.01;10;0.95;1;0;1800;3392;0.0045456
ftv47.atsp;100;0.001;100;0.85;1;2;7100;3392;0.0188293
ftv47.atsp;1000;0.01;10;0.85;1;1;710;3395;0.0018157
ftv47.atsp;100;0.001;10;0.9;1;0;1100;3397;0.0027592
ftv47.atsp;1000;0.001;10;0.95;1;2;2700;3397;0.0066817
ftv47.atsp;1000;0.001;10;0.95;1;2;2700;3400;0.0068707
ftv47.atsp;100;0.01;10;0.9;1;0;880;3401;0.0021359
ftv47.atsp;100;0.001;10;0.85;1;1;710;3402;0.0020042
ftv47.atsp;100;0.001;10;0.85;1;1;710;3403;0.0019324
ftv47.atsp;100;0.01;100;0.9;1;2;8800;3404;0.0222573
ftv47.atsp;1000;0.1;100;0.9;1;2;8800;3406;0.0215235
ftv47.atsp;100;0.001;10;0.85;1;1;710;3407;0.0020021
ftv47.atsp;1000;0.1;100;0.85;1;2;5700;3407;0.014268
ftv47.atsp;1000;0.01;100;0.9;1;2;11000;3412;0.0340684
ftv47.atsp;1000;0.01;100;0.9;1;2;11000;3412;0.028773
ftv47.atsp;1000;0.1;10;0.95;1;0;1800;3413;0.0046829
ftv47.atsp;1000;0.001;10;0.9;1;0;1320;3416;0.0034136
ftv47.atsp;100;0.1;10;0.99;1;2;6880;3417;0.018225
ftv47.atsp;1000;0.001;10;0.95;1;2;2700;3418;0.0074707
ftv47.atsp;1000;0.01;10;0.9;1;0;1100;3421;0.0027481
ftv47.atsp;1000;0.001;10;0.85;1;1;860;3421;0.0021627
ftv47.atsp;1000;0.1;10;0.95;1;0;1800;3423;0.0050467
ftv47.atsp;100;0.1;10;0.95;1;0;1350;3432;0.0034506
ftv47.atsp;1000;0.01;100;0.9;1;2;11000;3433;0.0306363
ftv47.atsp;100;0.01;10;0.9;1;1;880;3438;0.0023464
ftv47.atsp;1000;0.001;10;0.95;1;2;2700;3439;0.0065141
ftv47.atsp;1000;0.001;100;0.9;1;2;13200;3440;0.0360519
ftv47.atsp;100;0.001;10;0.9;1;0;1100;3446;0.0027791
ftv47.atsp;100;0.001;10;0.9;1;0;1100;3451;0.0029508
ftv47.atsp;100;0.001;100;0.85;1;2;7100;3451;0.0184904
ftv47.atsp;1000;0.01;10;0.9;1;0;1100;3452;0.0027974
ftv47.atsp;100;0.1;10;0.95;1;1;1350;3453;0.0034508
ftv47.atsp;100;0.001;10;0.95;1;2;2250;3454;0.0057863
ftv47.atsp;100;0.1;10;0.95;1;1;1350;3458;0.003739
ftv47.atsp;1000;0.01;10;0.85;1;1;710;3458;0.0020524
ftv47.atsp;100;0.001;10;0.95;1;2;2250;3459;0.0057544
ftv47.atsp;100;0.001;10;0.9;1;0;1100;3460;0.0027727
ftv47.atsp;100;0.01;100;0.85;1;2;5700;3462;0.0148703
ftv47.atsp;100;0.001;10;0.85;1;1;710;3463;0.0018959
ftv47.atsp;1000;0.01;10;0.85;1;1;710;3463;0.0018495
ftv47.atsp;1000;0.001;10;0.85;1;0;860;3463;0.0023265
ftv47.atsp;1000;0.1;10;0.95;1;0;1800;3464;0.0047046
ftv47.atsp;1000;0.01;10;0.9;1;1;1100;3464;0.0028281
ftv47.atsp;1000;0.01;10;0.95;1;2;2250;3464;0.0062114
ftv47.atsp;1000;0.001;10;0.85;1;0;860;3464;0.0025641
ftv47.atsp;100;0.001;10;0.85;1;0;710;3469;0.0022542
ftv47.atsp;1000;0.001;10;0.9;1;0;1320;3473;0.0032026
ftv47.atsp;1000;0.001;10;0.85;1;1;860;3474;0.0021216
ftv47.atsp;100;0.01;10;0.9;1;1;880;3477;0.002224
ftv47.atsp;1000;0.001;10;0.95;1;2;2700;3479;0.0074297
ftv47.atsp;1000;0.01;10;0.9;1;1;1100;3480;0.0028255
ftv47.atsp;100;0.1;10;0.95;1;1;1350;3482;0.0037972
ftv47.atsp;1000;0.001;10;0.85;1;1;860;3485;0.002118
ftv47.atsp;1000;0.1;10;0.95;1;0;1800;3487;0.0043475
ftv47.atsp;1000;0.1;10;0.9;1;1;880;3497;0.0024193
ftv47.atsp;100;0.001;10;0.85;1;0;710;3506;0.0132937
ftv47.atsp;1000;0.001;10;0.85;1;0;860;3506;0.0020864
ftv47.atsp;100;0.1;100;0.85;1;2;4300;3509;0.0109912
ftv47.atsp;100;0.001;10;0.9;1;0;1100;3512;0.0027623
ftv47.atsp;100;0.01;100;0.9;1;2;8800;3515;0.0219491
ftv47.atsp;100;0.01;10;0.85;1;0;570;3517;0.0014333
ftv47.atsp;100;0.001;10;0.85;1;0;710;3519;0.003635
ftv47.atsp;1000;0.001;10;0.85;1;0;860;3519;0.0022521
ftv47.atsp;1000;0.01;10;0.9;1;0;1100;3520;0.0027728
ftv47.atsp;1000;0.01;10;0.9;1;0;1100;3520;0.0029143
ftv47.atsp;1000;0.01;10;0.9;1;1;1100;3521;0.0028957
ftv47.atsp;100;0.1;10;0.9;1;1;660;3524;0.0017133
ftv47.atsp;100;0.01;10;0.85;1;1;570;3528;0.0014393
ftv47.atsp;1000;0.001;100;0.85;1;2;8600;3530;0.0217677
ftv47.atsp;1000;0.1;10;0.95;1;2;1800;3532;0.0045139
ftv47.atsp;100;0.1;10;0.95;1;0;1350;3538;0.0032898
ftv47.atsp;1000;0.001;10;0.85;1;1;860;3538;0.0023032
ftv47.atsp;100;0.001;10;0.85;1;1;710;3540;0.0044149
ftv47.atsp;1000;0.1;10;0.9;1;1;880;3546;0.0022244
ftv47.atsp;1000;0.001;10;0.85;1;0;860;3547;0.0023512
ftv47.atsp;1000;0.1;10;0.9;1;1;880;3553;0.0026134
ftv47.atsp;100;0.1;10;0.9;1;1;660;3557;0.0017137
ftv47.atsp;1000;0.01;10;0.85;1;1;710;3557;0.0018084
ftv47.atsp;1000;0.001;10;0.85;1;1;860;3560;0.002166
ftv47.atsp;100;0.001;100;0.85;1;2;7100;3564;0.0183223
ftv47.atsp;100;0.1;10;0.9;1;1;660;3565;0.0017754
ftv47.atsp;1000;0.001;100;0.85;1;2;8600;3566;0.0218549
ftv47.atsp;100;0.01;100;0.85;1;2;5700;3574;0.0143308
ftv47.atsp;100;0.01;10;0.85;1;0;570;3577;0.0014408
ftv47.atsp;100;0.001;10;0.95;1;2;2250;3580;0.0057446
ftv47.atsp;1000;0.01;10;0.85;1;1;710;3581;0.0018285
ftv47.atsp;100;0.1;100;0.85;1;2;4300;3589;0.0112616
ftv47.atsp;100;0.001;10;0.85;1;0;710;3589;0.0024012
ftv47.atsp;100;0.001;100;0.9;1;2;11000;3591;0.0277339
ftv47.atsp;1000;0.001;10;0.85;1;0;860;3591;0.0021502
ftv47.atsp;100;0.01;10;0.85;1;1;570;3592;0.0015627
ftv47.atsp;100;0.001;10;0.85;1;1;710;3595;0.0019874
ftv47.atsp;1000;0.1;10;0.9;1;1;880;3596;0.0023813
ftv47.atsp;1000;0.01;10;0.95;1;2;2250;3601;0.0056864
ftv47.atsp;100;0.01;10;0.95;1;2;1800;3603;0.0044718
ftv47.atsp;1000;0.01;10;0.85;1;0;710;3603;0.001956
ftv47.atsp;100;0.01;10;0.9;1;2;880;3604;0.0021826
ftv47.atsp;100;0.01;10;0.9;1;0;880;3605;0.0022064
ftv47.atsp;1000;0.001;10;0.85;1;1;860;3606;0.0021691
ftv47.atsp;1000;0.01;10;0.85;1;1;710;3608;0.0018509
ftv47.atsp;1000;0.01;10;0.9;1;0;1100;3611;0.0026709
ftv47.atsp;100;0.01;10;0.85;1;1;570;3622;0.0014612
ftv47.atsp;100;0.01;10;0.9;1;0;880;3623;0.0021417
ftv47.atsp;1000;0.001;10;0.85;1;0;860;3627;0.0021695
ftv47.atsp;1000;0.1;100;0.85;1;2;5700;3628;0.015046
ftv47.atsp;100;0.001;10;0.9;1;2;1100;3635;0.0038387
ftv47.atsp;1000;0.01;10;0.95;1;2;2250;3643;0.0065017
ftv47.atsp;1000;0.1;10;0.9;1;0;880;3645;0.0021574
ftv47.atsp;100;0.01;10;0.85;1;0;570;3647;0.0014088
ftv47.atsp;1000;0.01;10;0.9;1;0;1100;3648;0.0027615
ftv47.atsp;1000;0.01;10;0.95;1;2;2250;3648;0.0063991
ftv47.atsp;100;0.1;10;0.95;1;2;1350;3650;0.0035427
ftv47.atsp;1000;0.01;10;0.9;1;1;1100;3656;0.0028485
ftv47.atsp;100;0.1;10;0.95;1;0;1350;3657;0.0033845
ftv47.atsp;1000;0.001;10;0.95;1;2;2700;3657;0.0070204
ftv47.atsp;1000;0.1;10;0.9;1;1;880;3660;0.0022466
ftv47.atsp;100;0.1;100;0.9;1;2;6600;3665;0.0171677
ftv47.atsp;1000;0.1;10;0.85;1;1;570;3667;0.0027578
ftv47.atsp;100;0.1;10;0.95;1;0;1350;3669;0.00341
ftv47.atsp;1000;0.1;10;0.9;1;1;880;3669;0.0024116
ftv47.atsp;100;0.001;10;0.95;1;2;2250;3673;0.0057406
ftv47.atsp;100;0.1;10;0.9;1;1;660;3676;0.0018309
ftv47.atsp;100;0.01;10;0.95;1;2;1800;3677;0.0043532
ftv47.atsp;1000;0.1;10;0.9;1;0;880;3679;0.0023224
ftv47.atsp;1000;0.1;10;0.85;1;0;570;3681;0.0015449
ftv47.atsp;1000;0.001;10;0.9;1;2;1320;3696;0.0032753
ftv47.atsp;100;0.001;10;0.95;1;2;2250;3697;0.0057828
ftv47.atsp;1000;0.001;10;0.85;1;1;860;3699;0.0021181
ftv47.atsp;1000;0.1;100;0.85;1;2;5700;3700;0.0150894
ftv47.atsp;100;0.1;10;0.99;1;2;6880;3702;0.0177601
ftv47.atsp;100;0.1;10;0.9;1;0;660;3715;0.0016894
ftv47.atsp;100;0.1;10;0.85;1;0;430;3716;0.0027527
ftv47.atsp;100;0.01;10;0.95;1;2;1800;3724;0.0045031
ftv47.atsp;100;0.01;10;0.85;1;0;570;3725;0.0014406
ftv47.atsp;100;0.01;10;0.9;1;0;880;3726;0.0020986
ftv47.atsp;100;0.01;10;0.95;1;2;1800;3727;0.0047235
ftv47.atsp;1000;0.01;10;0.85;1;0;710;3727;0.0018867
ftv47.atsp;100;0.1;10;0.85;1;1;430;3729;0.0011797
ftv47.atsp;100;0.001;10;0.85;1;0;710;3734;0.0018165
ftv47.atsp;100;0.001;10;0.85;1;0;710;3740;0.0018357
ftv47.atsp;1000;0.01;10;0.9;1;2;1100;3745;0.0027473
ftv47.atsp;1000;0.001;10;0.9;1;0;1320;3749;0.0032493
ftv47.atsp;100;0.01;10;0.85;1;1;570;3756;0.0014837
ftv47.atsp;100;0.001;10;0.85;1;1;710;3756;0.0061236
ftv47.atsp;1000;0.01;10;0.85;1;1;710;3763;0.0017934
ftv47.atsp;1000;0.001;10;0.95;1;2;2700;3767;0.0067976
ftv47.atsp;1000;0.01;10;0.95;1;2;2250;3769;0.0059609
ftv47.atsp;100;0.1;10;0.95;1;2;1350;3777;0.0034182
ftv47.atsp;1000;0.1;10;0.9;1;0;880;3778;0.0021307
ftv47.atsp;1000;0.1;10;0.95;1;2;1800;3781;0.0044826
ftv47.atsp;100;0.1;10;0.9;1;1;660;3788;0.0018127
ftv47.atsp;100;0.01;10;0.85;1;0;570;3788;0.0013876
ftv47.atsp;100;0.1;10;0.9;1;0;660;3791;0.0016497
ftv47.atsp;1000;0.01;10;0.85;1;0;710;3794;0.0017726
ftv47.atsp;1000;0.1;10;0.85;1;0;570;3797;0.0014954
ftv47.atsp;100;0.001;10;0.85;1;0;710;3804;0.0024052
ftv47.atsp;100;0.001;10;0.95;1;2;2250;3804;0.0057689
ftv47.atsp;100;0.01;10;0.95;1;2;1800;3805;0.004391
ftv47.atsp;100;0.01;10;0.9;1;1;880;3807;0.0023526
ftv47.atsp;1000;0.01;10;0.85;1;0;710;3811;0.0017347
ftv47.atsp;100;0.01;10;0.85;1;1;570;3813;0.0014421
ftv47.atsp;100;0.001;10;0.9;1;2;1100;3815;0.0028172
ftv47.atsp;100;0.01;10;0.9;1;2;880;3821;0.0021842
ftv47.atsp;1000;0.01;10;0.95;1;2;2250;3827;0.0077247
ftv47.atsp;100;0.1;10;0.9;1;0;660;3830;0.0016941
ftv47.atsp;100;0.01;10;0.85;1;1;570;3831;0.001439
ftv47.atsp;100;0.1;10;0.9;1;0;660;3834;0.0019445
ftv47.atsp;1000;0.1;10;0.9;1;2;880;3835;0.0022287
ftv47.atsp;100;0.01;10;0.85;1;1;570;3844;0.0014127
ftv47.atsp;100;0.001;10;0.9;1;2;1100;3844;0.0039944
ftv47.atsp;100;0.1;10;0.9;1;0;660;3846;0.0016712
ftv47.atsp;1000;0.01;10;0.85;1;0;710;3847;0.001768
ftv47.atsp;1000;0.1;10;0.9;1;1;880;3850;0.0023386
ftv47.atsp;1000;0.1;10;0.95;1;2;1800;3863;0.004979
ftv47.atsp;1000;0.001;10;0.85;1;2;860;3874;0.0020874
ftv47.atsp;1000;0.1;10;0.95;1;2;1800;3883;0.0044449
ftv47.atsp;1000;0.01;10;0.9;1;0;1100;3885;0.0027976
ftv47.atsp;100;0.1;10;0.95;1;2;1350;3887;0.003504
ftv47.atsp;1000;0.1;10;0.85;1;0;570;3888;0.0013857
ftv47.atsp;1000;0.1;10;0.85;1;1;570;3890;0.0014465
ftv47.atsp;100;0.01;10;0.85;1;0;570;3900;0.0014994
ftv47.atsp;100;0.01;10;0.9;1;2;880;3901;0.0022238
ftv47.atsp;1000;0.1;10;0.85;1;1;570;3901;0.0016396
ftv47.atsp;100;0.1;10;0.85;1;0;430;3904;0.001126
ftv47.atsp;1000;0.1;10;0.9;1;2;880;3910;0.0024055
ftv47.atsp;1000;0.001;10;0.9;1;2;1320;3912;0.0034784
ftv47.atsp;100;0.01;10;0.85;1;0;570;3921;0.0014988
ftv47.atsp;100;0.01;10;0.85;1;0;570;3932;0.0013911
ftv47.atsp;100;0.1;10;0.9;1;0;660;3934;0.0017543
ftv47.atsp;1000;0.1;10;0.9;1;0;880;3935;0.0021328
ftv47.atsp;100;0.1;10;0.9;1;0;660;3943;0.0016912
ftv47.atsp;100;0.1;10;0.9;1;0;660;3944;0.0018062
ftv47.atsp;1000;0.001;10;0.85;1;2;860;3947;0.0021315
ftv47.atsp;1000;0.001;10;0.9;1;2;1320;3949;0.0031936
ftv47.atsp;100;0.1;10;0.95;1;2;1350;3950;0.0033861
ftv47.atsp;100;0.01;10;0.85;1;2;570;3952;0.0014163
ftv47.atsp;1000;0.1;10;0.85;1;0;570;3955;0.0013823
ftv47.atsp;1000;0.01;10;0.9;1;2;1100;3957;0.0028565
ftv47.atsp;1000;0.1;10;0.95;1;2;1800;3961;0.0062388
ftv47.atsp;1000;0.01;10;0.85;1;0;710;3967;0.0017397
ftv47.atsp;1000;0.1;10;0.9;1;0;880;3970;0.0021421
ftv47.atsp;1000;0.1;10;0.85;1;1;570;3974;0.002057
ftv47.atsp;1000;0.001;10;0.9;1;2;1320;3983;0.0033689
ftv47.atsp;100;0.1;10;0.85;1;1;430;3984;0.0011897
ftv47.atsp;100;0.01;10;0.9;1;2;880;3996;0.0028719
ftv47.atsp;1000;0.001;10;0.9;1;2;1320;4000;0.0034479
ftv47.atsp;1000;0.01;10;0.85;1;0;710;4001;0.0019343
ftv47.atsp;100;0.1;10;0.95;1;2;1350;4003;0.0034705
ftv47.atsp;1000;0.1;10;0.9;1;0;880;4006;0.0021767
ftv47.atsp;100;0.1;10;0.9;1;1;660;4007;0.001888
ftv47.atsp;1000;0.01;10;0.85;1;2;710;4010;0.001813
ftv47.atsp;100;0.01;10;0.9;1;0;880;4014;0.0021398
ftv47.atsp;1000;0.1;10;0.9;1;0;880;4018;0.0023717
ftv47.atsp;1000;0.01;10;0.9;1;2;1100;4018;0.0028198
ftv47.atsp;1000;0.1;10;0.85;1;2;570;4024;0.0014579
ftv47.atsp;1000;0.01;10;0.85;1;0;710;4034;0.0020097
ftv47.atsp;100;0.001;10;0.9;1;2;1100;4042;0.0028861
ftv47.atsp;1000;0.1;10;0.95;1;2;1800;4043;0.0044493
ftv47.atsp;1000;0.1;10;0.9;1;2;880;4048;0.0024391
ftv47.atsp;1000;0.01;10;0.95;1;2;2250;4055;0.005952
ftv47.atsp;100;0.1;10;0.85;1;1;430;4059;0.0011594
ftv47.atsp;1000;0.001;10;0.85;1;2;860;4069;0.0023827
ftv47.atsp;100;0.1;10;0.9;1;2;660;4070;0.0017011
ftv47.atsp;100;0.01;10;0.95;1;2;1800;4074;0.0045736
ftv47.atsp;100;0.01;10;0.9;1;2;880;4075;0.002186
ftv47.atsp;1000;0.01;10;0.85;1;2;710;4076;0.0019562
ftv47.atsp;1000;0.1;10;0.85;1;0;570;4077;0.0014177
ftv47.atsp;100;0.001;10;0.85;1;2;710;4082;0.001995
ftv47.atsp;100;0.1;10;0.85;1;1;430;4085;0.0013069
ftv47.atsp;1000;0.001;10;0.9;1;2;1320;4088;0.0032439
ftv47.atsp;1000;0.1;10;0.85;1;1;570;4089;0.0014463
ftv47.atsp;100;0.1;10;0.85;1;0;430;4093;0.002839
ftv47.atsp;100;0.1;10;0.85;1;0;430;4094;0.0010792
ftv47.atsp;1000;0.1;10;0.9;1;2;880;4105;0.0024095
ftv47.atsp;100;0.001;10;0.9;1;2;1100;4113;0.0029455
ftv47.atsp;100;0.1;10;0.95;1;2;1350;4115;0.0036245
ftv47.atsp;1000;0.01;10;0.85;1;2;710;4117;0.0019971
ftv47.atsp;100;0.01;10;0.9;1;2;880;4126;0.0021854
ftv47.atsp;100;0.001;10;0.85;1;2;710;4126;0.0019677
ftv47.atsp;100;0.1;10;0.85;1;0;430;4134;0.0012519
ftv47.atsp;100;0.001;10;0.9;1;2;1100;4135;0.0028148
ftv47.atsp;1000;0.1;10;0.85;1;1;570;4140;0.0014315
ftv47.atsp;100;0.01;10;0.95;1;2;1800;4147;0.0044632
ftv47.atsp;1000;0.1;10;0.85;1;2;570;4156;0.0014288
ftv47.atsp;1000;0.001;10;0.85;1;2;860;4161;0.0026784
ftv47.atsp;100;0.001;10;0.85;1;2;710;4168;0.0018198
ftv47.atsp;1000;0.1;10;0.85;1;0;570;4184;0.0013831
ftv47.atsp;100;0.1;10;0.9;1;1;660;4189;0.0017146
ftv47.atsp;100;0.01;10;0.85;1;1;570;4193;0.0014408
ftv47.atsp;100;0.001;10;0.85;1;2;710;4208;0.0018244
ftv47.atsp;1000;0.001;10;0.85;1;2;860;4208;0.002319
ftv47.atsp;1000;0.1;10;0.9;1;0;880;4210;0.0021725
ftv47.atsp;1000;0.01;10;0.9;1;2;1100;4214;0.002869
ftv47.atsp;100;0.1;10;0.85;1;0;430;4215;0.0011266
ftv47.atsp;100;0.001;10;0.9;1;2;1100;4216;0.0028157
ftv47.atsp;100;0.1;10;0.85;1;0;430;4219;0.0012127
ftv47.atsp;100;0.001;10;0.9;1;2;1100;4220;0.0029634
ftv47.atsp;100;0.1;10;0.9;1;2;660;4221;0.0017376
ftv47.atsp;100;0.1;10;0.9;1;2;660;4224;0.0017154
ftv47.atsp;1000;0.1;10;0.85;1;0;570;4226;0.0015175
ftv47.atsp;1000;0.001;10;0.85;1;2;860;4226;0.0021315
ftv47.atsp;1000;0.01;10;0.9;1;2;1100;4227;0.002874
ftv47.atsp;1000;0.001;10;0.9;1;2;1320;4227;0.0032742
ftv47.atsp;1000;0.001;10;0.9;1;2;1320;4233;0.0034565
ftv47.atsp;100;0.1;10;0.95;1;2;1350;4234;0.0035191
ftv47.atsp;100;0.001;10;0.95;1;2;2250;4241;0.0057517
ftv47.atsp;1000;0.1;10;0.9;1;2;880;4244;0.002207
ftv47.atsp;100;0.1;10;0.85;1;1;430;4250;0.0011923
ftv47.atsp;1000;0.01;10;0.85;1;2;710;4256;0.0019328
ftv47.atsp;100;0.1;10;0.85;1;1;430;4262;0.0030884
ftv47.atsp;1000;0.001;10;0.85;1;2;860;4263;0.0021475
ftv47.atsp;1000;0.1;10;0.85;1;1;570;4265;0.0014475
ftv47.atsp;100;0.1;10;0.85;1;1;430;4271;0.0010947
ftv47.atsp;1000;0.1;10;0.85;1;0;570;4272;0.0013831
ftv47.atsp;100;0.001;10;0.85;1;2;710;4278;0.0018302
ftv47.atsp;1000;0.1;10;0.85;1;1;570;4278;0.0015336
ftv47.atsp;100;0.001;10;0.85;1;2;710;4300;0.0018213
ftv47.atsp;1000;0.01;10;0.85;1;2;710;4304;0.001814
ftv47.atsp;1000;0.01;10;0.9;1;2;1100;4307;0.0027469
ftv47.atsp;100;0.01;10;0.9;1;2;880;4309;0.0023063
ftv47.atsp;100;0.01;10;0.85;1;2;570;4312;0.0014841
ftv47.atsp;100;0.1;10;0.85;1;0;430;4319;0.0089297
ftv47.atsp;1000;0.01;10;0.9;1;2;1100;4320;0.00278
ftv47.atsp;100;0.1;10;0.85;1;1;430;4331;0.0012193
ftv47.atsp;100;0.1;10;0.9;1;2;660;4339;0.0016884
ftv47.atsp;100;0.01;10;0.85;1;2;570;4345;0.001564
ftv47.atsp;100;0.01;10;0.85;1;2;570;4347;0.0014214
ftv47.atsp;100;0.1;10;0.85;1;2;430;4371;0.001074
ftv47.atsp;100;0.1;10;0.9;1;2;660;4377;0.0017167
ftv47.atsp;1000;0.1;10;0.9;1;2;880;4382;0.0021335
ftv47.atsp;100;0.1;10;0.9;1;2;660;4385;0.0021346
ftv47.atsp;1000;0.01;10;0.9;1;2;1100;4387;0.0028009
ftv47.atsp;1000;0.1;10;0.9;1;2;880;4391;0.0021752
ftv47.atsp;1000;0.001;10;0.85;1;2;860;4398;0.0021367
ftv47.atsp;100;0.001;10;0.85;1;2;710;4401;0.0018196
ftv47.atsp;100;0.01;10;0.9;1;2;880;4408;0.0022243
ftv47.atsp;100;0.1;10;0.95;1;2;1350;4410;0.0033796
ftv47.atsp;1000;0.1;10;0.85;1;2;570;4417;0.001428
ftv47.atsp;100;0.1;10;0.85;1;2;430;4422;0.0011225
ftv47.atsp;1000;0.01;10;0.85;1;2;710;4424;0.0018387
ftv47.atsp;100;0.01;10;0.85;1;2;570;4426;0.001487
ftv47.atsp;100;0.1;10;0.9;1;2;660;4433;0.0016744
ftv47.atsp;100;0.1;10;0.85;1;2;430;4436;0.0011116
ftv47.atsp;100;0.01;10;0.85;1;2;570;4467;0.001398
ftv47.atsp;1000;0.01;10;0.85;1;2;710;4481;0.0019788
ftv47.atsp;1000;0.1;10;0.95;1;2;1800;4491;0.0044791
ftv47.atsp;100;0.1;10;0.85;1;2;430;4492;0.0011327
ftv47.atsp;100;0.001;10;0.85;1;2;710;4502;0.0026646
ftv47.atsp;1000;0.1;10;0.9;1;2;880;4517;0.0023043
ftv47.atsp;100;0.1;10;0.9;1;2;660;4540;0.001673
ftv47.atsp;100;0.01;10;0.85;1;2;570;4551;0.0014212
ftv47.atsp;1000;0.1;10;0.85;1;2;570;4588;0.0014237
ftv47.atsp;1000;0.1;10;0.85;1;2;570;4619;0.0016337
ftv47.atsp;100;0.01;10;0.85;1;2;570;4710;0.0014063
ftv47.atsp;100;0.1;10;0.85;1;2;430;4833;0.0011215
ftv47.atsp;100;0.1;10;0.85;1;2;430;4880;0.0011096
ftv47.atsp;100;0.1;10;0.85;1;2;430;4905;0.0011068
ftv47.atsp;1000;0.1;10;0.85;1;2;570;4925;0.0016813
ftv47.atsp;100;0.1;10;0.85;1;2;430;4957;0.001108
ftv47.atsp;1000;0.1;10;0.85;1;2;570;4994;0.0014138
ftv47.atsp;1000;0.1;10;0.85;1;2;570;5125;0.0014137
ftv47.atsp;1000;0.01;10;0.85;1;2;710;5152;0.0017881
